"Hiragana","Romaji"
"わたし","watashi"
"わたしたち","watashitachi"
"あなた","anata"
"あのひと","anohito"
"あのかた","anokata"
"みなさん","minasan"
"～さん","～san"
"～ちゃん","～chan"
"～くん","～kun"
"～じん","～jin"
"せんせい","sensei"
"きょうし","kyoushi"
"がくせい","gakusei"
"かいしゃいん","kaishain"
"しゃいん","shain"
"ぎんこういん","ginkouin"
"いしゃ","isha"
"けんきゅうしゃ","kenkyuusha"
"エンジニア","enjinia"
"だいがく","daigaku"
"びょういん","byouin"
"でんき","denki"
"だれ","dare"
"どなた","donata"
"～さい","～sai"
"なんさい","nansai"
"おいくつ","oikutsu"
"はい","hai"
"いいえ","iie"
"しつれいですが","shitsurei desuga"
"おなまえは？","onamae wa?"
"はじめまして","hajimemashite"
"どうぞよろしく「おねがいします」","douzo yoroshiku [onegaishimasu]"
"これ","kore"
"それ","sore"
"あれ","are"
"この～","kono～"
"その～","sono～"
"あの～","ano～"
"ほん","hon"
"じしょ","jisho"
"ざっし","zasshi"
"しんぶん","shinbun"
"ノート","nooto"
"てちょう","techou"
"めいし","meishi"
"カード","kaado"
"えんぴつ","enpitsu"
"ボールペン","boorupen"
"シャープペンシル","shaapupenshiru"
"かぎ","kagi"
"とけい","tokei"
"かさ","kasa"
"かばん","kaban"
"CD","shii-dee"
"テレビ","terebi"
"ラジオ","rajio"
"カメラ","kamera"
"コンピューター","konpyuutaa"
"くるま","kuruma"
"つくえ","tsukue"
"いす","isu"
"チョコレート","chokoreeto"
"コーヒー","koohii"
"「お」みやげ","「o」miyage"
"えいご","eigo"
"にほんご","nihongo"
"～ご","～go"
"なん","nan"
"そう","sou"
"ちがいます","chigaimasu"
"そうですか","sou desuka"
"あのう","anou"
"ほんのきもちです","honno kimochi desu"
"どうぞ","douzo"
"どうも","doumo"
"「どうも」ありがとう「ございます」","「doumo」 arigatou 「gozaimasu」"
"これからおせわになります","korekara osewa ni narimasu"
"こちらこそよろしく","kochirakoso yoroshiku"
"ここ","koko"
"そこ","soko"
"あそこ","asoko"
"どこ","doko"
"こちら","kochira"
"そちら","sochira"
"あちら","achira"
"どちら","dochira"
"きょうしつ","kyoushitsu"
"しょくどう","shokudou"
"じむしょ","jimusho"
"かいぎしつ","kaigishitsu"
"うけつけ","uketsuke"
"ロビー","robii"
"へや","heya"
"トイレ（おてあらい）","toire (otearai)"
"かいだん","kaidan"
"エレベーター","erebeetaa"
"エスカレーター","esukareetaa"
"じどうはんばいき","jidouhanbaiki"
"でんわ","denwa"
"「お」くに","「o」kuni"
"かいしゃ","kaisha"
"うち","uchi"
"くつ","kutsu"
"ネクタイ","nekutai"
"ワイン","wain"
"うりば","uriba"
"ちか","chika"
"～かい（がい）","～kai (gai)"
"なんがい","nangai"
"～えん","～en"
"いくら","ikura"
"ひゃく","hyaku"
"せん","sen"
"まん","man"
"すみません","sumimasen"
"～でございます","～de gozaimasu"
"「～を」みせてください","「～o」 misete kudasai"
"じゃ","ja"
"「～を」ください","「～o」 kudasai"
"おきます","okimasu"
"ねます","nemasu"
"はたらきます","hatarakimasu"
"やすみます","yasumimasu"
"べんきょうします","benkyoushimasu"
"おわります","owarimasu"
"デパート","depaato"
"ぎんこう","ginkou"
"ゆうびんきょく","yuubinkyoku"
"としょかん","toshokan"
"びじゅつかん","bijutsukan"
"いま","ima"
"～じ","～ji"
"～ふん（～ぷん）","～fun (pun)"
"はん","han"
"なんじ","nanji"
"なんぷん","nanpun"
"ごぜん","gozen"
"ごご","gogo"
"あさ","asa"
"ひる","hiru"
"ばん（よる）","ban (yoru)"
"おととい","ototoi"
"きのう","kinou"
"きょう","kyou"
"あした","ashita"
"あさって","asatte"
"けさ","kesa"
"こんばん","konban"
"やすみ","yasumi"
"ひるやすみ","hiruyasumi"
"しけん","shiken"
"かいぎ","kaigi"
"えいが","eiga"
"まいあさ","maiasa"
"まいばん","maiban"
"まいにち","mainichi"
"げつようび","getsuyoubi"
"かようび","kayoubi"
"すいようび","suiyoubi"
"もくようび","mokuyoubi"
"きんようび","kinyoubi"
"どようび","doyoubi"
"にちようび","nichiyoubi"
"なにようび","naniyoubi"
"～から","～kara"
"～まで","～made"
"～と～","～to～"
"たいへんですね","taihen desune"
"ばんごう","bangou"
"なんばん","nanban"
"いきます","ikimasu"
"きます","kimasu"
"かえります","kaerimasu"
"がっこう","gakkou"
"スーパー","suupaa"
"えき","eki"
"ひこうき","hikouki"
"ふね","fune"
"でんしゃ","densha"
"ちかてつ","chikatetsu"
"しんかんせん","shinkansen"
"バス","basu"
"タクシー","takushii"
"じてんしゃ","jitensha"
"あるいて","aruite"
"ひと","hito"
"ともだち","tomodachi"
"かれ","kare"
"かのじょ","kanojo"
"かぞく","kazoku"
"ひとり で","hitori de"
"せんしゅう","senshuu"
"こんしゅう","konshuu"
"らいしゅう","raishuu"
"せんげつ","sengetsu"
"こんげつ","kongetsu"
"らいげつ","raigetsu"
"きょねん","kyonen"
"ことし","kotoshi"
"らいねん","rainen"
"～がつ","～gatsu"
"なんがつ","nangatsu"
"ついたち","tsuitachi"
"ふつか","futsuka"
"みっか","mikka"
"よっか","yokka"
"いつか","itsuka"
"むいか","muika"
"なのか","nanoka"
"ようか","youka"
"ここのか","kokonoka"
"とおか","tooka"
"じゅうよっか","juuyokka"
"はつか","hatsuka"
"にじゅうよっか","nijuyokka"
"～にち","～nichi"
"なんにち","nannichi"
"いつ","itsu"
"たんじょうび","tanjoubi"
"つぎの","tsugi no"
"どういたしまして","dou itashimashite"
"たべます","tabemasu"
"のみます","nomimasu"
"すいます","suimasu"
"みます","mimasu"
"ききます","kikimasu"
"よみます","yomimasu"
"かきます","kakimasu"
"かいます","kaimasu"
"とります","torimasu"
"します","shimasu"
"あいます","aimasu"
"ごはん","gohan"
"あさごはん","asagohan"
"ひるごはん","hirugohan"
"ばんごはん","bangohan"
"パン","pan"
"たまご","tamago"
"にく","niku"
"さかな","sakana"
"やさい","yasai"
"くだもの","kudamono"
"みず","mizu"
"おちゃ","ocha"
"こうちゃ","koucha"
"ぎゅうにゅう","gyuunyuu"
"ミルク","miruku"
"ジュース","juusu"
"ビール","biiru"
"「お」さけ","「o」sake"
"ビデオ","bideo"
"てがみ","tegami"
"レポート","repooto"
"しゃしん","shashin"
"みせ","mise"
"レストラン","resutoran"
"にわ","niwa"
"しゅくだい","shukudai"
"テニス","tenisu"
"サッカー","sakkaa"
"「お」はなみ","「o」hanami"
"なに","nani"
"いっしょに","isshoni"
"ちょっと","chotto"
"いつも","itsumo"
"ときどき","tokidoki"
"それから","sorekara"
"ええ","ee"
"いいですね","ii desune"
"わかりました","wakarimashita"
"なんですか","nan desuka"
"じゃ、また「あした」","ja mata [ashita]"
"きります","kirimasu"
"くります","okurimasu"
"あげます","agemasu"
"もらいます","moraimasu"
"かします","kashimasu"
"かります","karimasu"
"おしえます","oshiemasu"
"ならいます","naraimasu"
"かけます","kakemasu"
"て","te"
"はし","hashi"
"スプーン","supuun"
"ナイフ","naifu"
"フォーク","fooku"
"はさみ","hasami"
"パソコン","pasokon"
"ケータイ","keetai"
"メール","meeru"
"ねんがじょう","nengajou"
"パンチ","panchi"
"ホッチキス","hotchikisu"
"セロテープ","seroteepu"
"けしゴム","keshigomu"
"かみ","kami"
"はな","hana"
"シャツ","shatsu"
"プレゼント","purezento"
"にもつ","nimotsu"
"おかね","okane"
"きっぷ","kippu"
"クリスマス","kurisumasu"
"ちち","chichi"
"はは","haha"
"おとうさん","otousan"
"おかあさん","okaasan"
"もう","mou"
"まだ","mada"
"これから","korekara"
"「～、」すてきですね","「～、」 suteki desune"
"いらっしゃい","irasshai"
"どうぞおあがりください","douzo oagari kudasai"
"しつれいします","shitsureishimasu"
"「～は」いかがですか","「～wa」 ikaga desuka"
"いただきます","itadakimasu"
"ハンサム「な」","hansamu [na]"
"きれい「な」","kirei [na]"
"しずか「な」","shizuka [na]"
"にぎやか「な」","nigiyaka [na]"
"ゆうめい「な」","yuumei [na]"
"しんせつ「な」","shinsetsu [na]"
"げんき「な」","genki [na]"
"ひま「な」","hima [na]"
"べんり「な」","benri [na]"
"すてき「な」","suteki [na]"
"おおきい","ookii"
"ちいさい","chiisai"
"あたらしい","atarashii"
"ふるい","furui"
"いい（よい）","ii (yoi)"
"わるい","warui"
"あつい","atsui"
"さむい","samui"
"つめたい","tsumetai"
"むずかしい","muzukashii"
"やさしい","yasashii"
"たかい","takai"
"やすい","yasui"
"ひくい","hikui"
"おもしろい","omoshiroi"
"おいしい","oishii"
"いそがしい","isogashii"
"たのしい","tanoshii"
"しろい","shiroi"
"くろい","kuroi"
"あかい","akai"
"あおい","aoi"
"さくら","sakura"
"やま","yama"
"まち","machi"
"たべもの","tabemono"
"くるま","kuruma"
"ところ","tokoro"
"りょう","ryou"
"べんきょう","benkyou"
"せいかつ","seikatsu"
"「お」しごと","「o」shigoto"
"どう","dou"
"どんな～","donna～"
"どれ","dore"
"とても","totemo"
"あまり","amari"
"そして","soshite"
"～が、～","～ga"
"おげんきですか","ogenki desuka"
"そうですね","sou desune"
"わかります","wakarimasu"
"あります","arimasu"
"すき「な」","suki [na]"
"きらい「な」","kirai [na]"
"じょうず「な」","jouzu [na]"
"へた「な」","heta [na]"
"りょうり","ryouri"
"のみもの","nomimono"
"スポーツ","supootsu"
"やきゅう","yakyuu"
"ダンス","dansu"
"おんがく","ongaku"
"うた","uta"
"クラシック","kurashikku"
"ジャズ","jazu"
"コンサート","konsaato"
"カラオケ","karaoke"
"かぶき","kabuki"
"え","e"
"じ","ji"
"かんじ","kanji"
"ひらがな","hiragana"
"かたかな","katakana"
"ローマじ","roomaji"
"こまかいおかね","komakai okane"
"チケット","chiketto"
"じかん","jikan"
"ようじ","youji"
"やくそく","yakusoku"
"ごしゅじん","goshujin"
"おっと（しゅじん）","otto (shujin)"
"おくさん","okusan"
"つま（かない）","tsuma (kanai)"
"こども","kodomo"
"よく","yoku"
"だいたい","daitai"
"たくさん","takusan"
"すこし","sukoshi"
"ぜんぜん","zenzen"
"はやく","hayaku"
"～から","～kara"
"どうして","doushite"
"ざんねんです「ね」","zannen desu [ne]"
"もしもし","moshimoshi"
"あります","arimasu"
"います","imasu"
"いろいろ「な」","iroiro [na]"
"おとこのひと","otoko no hito"
"おんなのひと","onna no hito"
"おとこのこ","otoko no ko"
"おんなのこ","onna no ko"
"いぬ","inu"
"ねこ","neko"
"ぱんだ","panda"
"ぞう","zou"
"き","ki"
"もの","mono"
"びる","biru"
"こうえん","kouen"
"きっさてん","kissaten"
"ほんや","honya"
"～や","～ya"
"のりば","noriba"
"けん","ken"
"うえ","ue"
"した","shita"
"まえ","mae"
"うしろ","ushiro"
"みぎ","migi"
"ひだり","hidari"
"なか","naka"
"そと","soto"
"となり","tonari"
"まど","mado"
"ぽすと","posuto"
"れいぞうこ","reizouko"
"てーぶる","teeburu"
"べっど","beddo"
"たな","tana"
"どあ","doa"
"ちかく","chikaku"
"あいだ","aida"
"～や～「など」","～ya～ [nado]"
"います","imasu"
"います","imasu"
"かかります","kakarimasu"
"やすみます","yasumimasu"
"ひとつ","hitotsu"
"ふたつ","futatsu"
"みっつ","mittsu"
"よっつ","yottsu"
"いつつ","itsutsu"
"むっつ","muttsu"
"ななつ","nanatsu"
"やっつ","yattsu"
"ここのつ","kokonotsu"
"とお","too"
"いくつ","ikutsu"
"ひとり","hitori"
"ふたり","futari"
"～にん","～nin"
"～だい","～dai"
"～まい","～mai"
"～かい","～kai"
"りんご","ringo"
"みかん","mikan"
"サンドイッチ","sandoitchi"
"カレー「ライス」","karee [raisu]"
"アイスクリーム","aisukuriimu"
"きって","kitte"
"はがき","hagaki"
"ふうとう","fuutou"
"きょうだい","kyoudai"
"りょうしん","ryoushin"
"がいこく","gaikoku"
"～じかん","～jikan"
"～しゅうかん","～shuukan"
"～かげつ","～kagetsu"
"～ねん","～nen"
"～ぐらい","～gurai"
"どのくらい","donokurai"
"ぜんぶで","zenbude"
"みんな","minna"
"～だけ","～dake"
"いらっしゃいませ","irasshaimase"
"かんたん「な」","kantan [na]"
"ちかい","chikai"
"とおい","tooi"
"はやい","hayai"
"おそい","osoi"
"おおい","ooi"
"すくない","sukunai"
"あたたかい","atatakai"
"すずしい","suzushii"
"あまい","amai"
"からい","karai"
"おもい","omoi"
"かるい","karui"
"いい","ii"
"きせつ","kisetsu"
"はる","haru"
"なつ","natsu"
"あき","aki"
"ふゆ","fuyu"
"てんき","tenki"
"あめ","ame"
"ゆき","yuki"
"くもり","kumori"
"ホテル","hoteru"
"くうこう","kuukou"
"うみ","umi"
"せかい","sekai"
"パーティー","paatii"
"「お」まつり","「o」matsuri"
"すきやき","sukiyaki"
"さしみ","sashimi"
"「お」すし","「o」sushi"
"てんぷら","tenpura"
"いけばな","ikebana"
"もみじ","momiji"
"どちら","dochira"
"どちらも","dochira mo"
"いちばん","ichiban"
"ずっと","zutto"
"はじめて","hajimete"
"あそびます","asobimasu"
"およぎます","oyogimasu"
"むかえます","mukaemasu"
"つかれます","tsukaremasu"
"だします","dashimasu"
"はいります","hairimasu"
"でます","demasu"
"けっこんします","kekkonshimasu"
"かいものします","kaimonoshimasu"
"しょくじします","shokujishimasu"
"さんぽします","sanposhimasu"
"たいへん「な」","taihen [na]"
"ほしい","hoshii"
"さびしい","sabishii"
"ひろい","hiroi"
"せまい","semai"
"しやくしょ","shiyakusho"
"ぷーる","puuru"
"かわ","kawa"
"けいざい","keizai"
"びじゅつ","bijutsu"
"つり","tsuri"
"すきー","sukii"
"かいぎ","kaigi"
"とうろく","touroku"
"しゅうまつ","shuumatsu"
"～ごろ","～goro"
"なにか","nanika"
"どこか","dokoka"
"おなかがすきました","onaka ga sukimashita"
"おなかがいっぱいです","onaka ga ippai desu"
"のどがかわきました","nodo ga kawakimashita"
"そうしましょう","sou shimashou"
"ご注文は？","gochuumon wa?"
"つけます","tsukemasu"
"けします","keshimasu"
"あけます","akemasu"
"しめます","shimemasu"
"いそぎます","isogimasu"
"まちます","machimasu"
"とめます","tomemasu"
"まがります","magarimasu"
"もちます","mochimasu"
"とります","torimasu"
"てつだいます","tetsudaimasu"
"よびます","yobimasu"
"はなします","hanashimasu"
"みせます","misemasu"
"おしえます","oshiemasu"
"はじめます","hajimemasu"
"ふります","furimasu"
"コピーします","kopiishimasu"
"エアコン","eakon"
"パスポート","pasupooto"
"なまえ","namae"
"じゅうしょ","juusho"
"ちず","chizu"
"しお","shio"
"さとう","satou"
"よみかた","yomikata"
"～かた","～kata"
"ゆっくり","yukkuri"
"すぐ","sugu"
"また","mata"
"あとで","atode"
"もうすこし","mousukoshi"
"もう～","mou～"
"いいですよ","ii desu yo"
"さあ","saa"
"たちます","tachimasu"
"すわります","suwarimasu"
"つかいます","tsukaimasu"
"おきます","okimasu"
"つくります","tsukurimasu"
"うります","urimasu"
"しります","shirimasu"
"すみます","sumimasu"
"けっこんします","kekkonshimasu"
"けんきゅうします","kenkyuushimasu"
"しっています","shitteimasu"
"しんでいます","shindeimasu"
"しりょう","shiryou"
"カタログ","katarogu"
"じこくひょう","jikokuhyou"
"ふく","fuku"
"せいひん","seihin"
"ソフト","sofuto"
"せんもん","senmon"
"はいしゃ","haisha"
"とこや","tokoya"
"プレイガイド","pureigaido"
"どくしん","dokushin"
"とくに","tokuni"
"おもいだします","omoidashimasu"
"ごかぞく","gokazoku"
"いらっしゃいます","irasshaimasu"
"こうこう","koukou"
"のります","norimasu"
"おります","orimasu"
"のりかえます","norikaemasu"
"あびます","abimasu"
"いれます","iremasu"
"だします","dashimasu"
"はいります","hairimasu"
"でます","demasu"
"やめます","yamemasu"
"おします","oshimasu"
"わかい","wakai"
"ながい","nagai"
"みじかい","mijikai"
"あかるい","akarui"
"くらい","kurai"
"せがたかい","segatakai"
"あたまがいい","atamagaii"
"からだ","karada"
"あたま","atama"
"かみ","kami"
"かお","kao"
"め","me"
"みみ","mimi"
"くち","kuchi"
"は","ha"
"おなか","onaka"
"あし","ashi"
"サービス","saabisu"
"ジョギング","jogingu"
"シャワー","shawaa"
"みどり","midori"
"「お」てら","「o」tera"
"じんじゃ","jinja"
"りゅうがくせい","ryuugakusei"
"～ばん","～ban"
"どうやって","douyatte"
"どの～","dono～"
"おぼえます","oboemasu"
"わすれます","wasuremasu"
"なくします","nakushimasu"
"だします","dashimasu"
"はらいます","haraimasu"
"かえします","kaeshimasu"
"でかけます","dekakemasu"
"ぬぎます","nugimasu"
"もっていきます","motte ikimasu"
"もってきます","motte kimasu"
"しんぱいします","shinpai shimasu"
"ざんぎょうします","zangyou shimasu"
"しゅっちょうします","shucchou shimasu"
"のみます","nomimasu"
"はいります","hairimasu"
"たいせつ「な」","taisetsu [na]"
"だいじょうぶ「な」","daijoubu [na]"
"あぶない","abunai"
"もんだい","mondai"
"こたえ","kotae"
"きんえん","kinen"
"「けんこう」ほけんしょう","kenkou hokenshou"
"かぜ","kaze"
"ねつ","netsu"
"びょうき","byouki"
"くすり","kusuri"
"「お」ふろ","「o」furo"
"うわぎ","uwagi"
"したぎ","shitagi"
"～までに","～made ni"
"ですから","desukara"
"どうしましたか","dou shimashita ka"
"のど","nodo"
"おだいじに","odaiji ni"
"できます","dekimasu"
"あらいます","araimasu"
"ひきます","hikimasu"
"うたいます","utaimasu"
"あつめます","atsumemasu"
"てます","temasu"
"かえます","kaemasu"
"うんてんします","untenshimasu"
"よやくします","yoyakushimasu"
"ピアノ","piano"
"～メートル","～meetoru"
"げんきん","genkin"
"しゅみ","shumi"
"にっき","nikki"
"おいのり","oinori"
"かちょう","kachou"
"ぶちょう","buchou"
"しゃちょう","shachou"
"どうぶつ","doubutsu"
"うま","uma"
"インターネット","intaanetto"
"なかなか","nakanaka"
"ぜひ","zehi"
"のぼります","noborimasu"
"とまります","tomarimasu"
"そうじします","soujishimasu"
"せんたくします","sentakushimasu"
"なります","narimasu"
"ねむい","nemui"
"つよい","tsuyoi"
"よわい","yowai"
"れんしゅう","renshuu"
"ゴルフ","gorufu"
"すもう","sumou"
"おちゃ","ocha"
"ひ","hi"
"ちょうし","choushi"
"いちど","ichido"
"いちども","ichidomo"
"だんだん","dandan"
"もうすぐ","mousugu"
"おかげさまで","okagesamade"
"でも","demo"
"かんぱい","kanpai"
"ダイエット","daietto"
"むり「な」","muri [na]"
"からだにいい","karada ni ii"
"いります","irimasu"
"しらべます","shirabemasu"
"しゅうりします","shuurishimasu"
"ぼく","boku"
"きみ","kimi"
"～くん","～kun"
"うん","un"
"ううん","uun"
"ことば","kotoba"
"ビザ","biza"
"はじめ","hajime"
"おわり","owari"
"こっち","kocchi"
"そっち","socchi"
"あっち","acchi"
"どっち","docchi"
"みんなで","minnade"
"～けど","～kedo"
"おなかがいっぱい","onaka ga ippai"
"よかったら","yokattara"
"おもいます","omoimasu"
"いいます","iimasu"
"たります","tarimasu"
"かちます","kachimasu"
"まけます","makemasu"
"あります","arimasu"
"役に立ちます","yakunitachimasu"
"むだ「な」","muda [na]"
"ふべん「な」","fuben [na]"
"おなじ","onaji"
"すごい","sugoi"
"しゅしょう","shushou"
"だいとうりょう","daitouryou"
"せいじ","seiji"
"ニュース","nyuusu"
"スピーチ","supiichi"
"しあい","shiai"
"アルバイト","arubaito"
"いけん","iken"
"「お」はなし","「o」hanashi"
"ユーモア","yuumoa"
"デザイン","dezain"
"こうつう","koutsuu"
"ラッシュ","rasshu"
"さいきん","saikin"
"たぶん","tabun"
"きっと","kitto"
"ほんとうに","hontouni"
"そんなに","sonnani"
"～について","～nitsuite"
"きます","kimasu"
"はきます","hakimasu"
"かぶります","kaburimasu"
"かけます","kakemasu"
"うまれます","umaremasu"
"コート","kooto"
"セーター","seetaa"
"ぼうし","boushi"
"めがね","megane"
"よく","yoku"
"おめでとうございます","omedetou gozaimasu"
"こちら","kochira"
"やちん","yachin"
"うーん","uun"
"ダイニングキッチン","dainingu kicchin"
"わしつ","washitsu"
"おしいれ","oshiire"
"ふとん","futon"
"アパート","apaato"
"ききます","kikimasu"
"まわします","mawashimasu"
"ひきます","hikimasu"
"かえます","kaemasu"
"さわります","sawarimasu"
"でます","demasu"
"あるきます","arukimasu"
"わたります","watarimasu"
"きをつけます","kiotsukemasu"
"ひっこしします","hikkoshishimasu"
"でんきや","denkiya"
"～や","～ya"
"サイズ","saizu"
"おと","oto"
"きかい","kikai"
"つまみ","tsumami"
"こしょう","koshou"
"みち","michi"
"こうさてん","kousaten"
"しんごう","shingou"
"かど","kado"
"はし","hashi"
"ちゅうしゃじょう","chuushajou"
"～め","～me"
"「お」しょうがつ","「o」shougatsu"
"ごちそうさま「でした」","gochisousama [deshita]"
"たてもの","tatemono"
"くれます","kuremasu"
"つれていきます","tsureteikimasu"
"つれてきます","tsuretekimasu"
"おくります","okurimasu"
"しょうかいします","shoukaishimasu"
"あんないします","annaishimasu"
"せつめいします","setsumeishimasu"
"いれます","iremasu"
"おじいさん/おじいちゃん","ojiisan/ojiichan"
"おばあさん/おばあちゃん","obaasan/obaachan"
"じゅんび","junbi"
"いみ","imi"
"「お」かし","「o」kashi"
"ぜんぶ","zenbu"
"じぶんで","jibunde"
"ほかに","hokani"
"おべんとう","obentou"
"かんがえます","kangaemasu"
"つきます","tsukimasu"
"りゅうがくします","ryuugakushimasu"
"とります","torimasu"
"いなか","inaka"
"たいしかん","taishikan"
"グループ","guruupu"
"チャンス","chansu"
"おく","oku"
"もし「～たら」","moshi [～tara]"
"いくら「～ても」","ikura [～temo]"
"てんきん","tenkin"
"こと","koto"
"「いろいろ」おせわになりました","「iroiro」 osewa ni narimashita"
"がんばります","ganbarimasu"
"どうぞおげんきで","douzo ogenkide"
"みます","mimasu"
"さがします","sagashimasu"
"おくれます","okuremasu"
"間に合います","maniaimasu"
"やります","yarimasu"
"さんかします","sankashimasu"
"もうしこみます","moushikomimasu"
"つごうがいい","tsugou gaii"
"つごうがわるい","tsugou gawaruai"
"きぶんがいい","kibun gaii"
"きぶんがわるい","kibun gawaruai"
"しんぶんしゃ","shinbunsha"
"じゅうどう","juudou"
"うんどうかい","undoukai"
"ばしょ","basho"
"ボランティア","borantia"
"～べん","～ben"
"こんど","kondo"
"ずいぶん","zuibun"
"ちょくせつ","chokusetsu"
"いつでも","itsudemo"
"どこでも","dokodemo"
"だれでも","daredemo"
"なんでも","nandemo"
"こんな～","konna～"
"そんな～","sonna～"
"あんな～","anna～"
"かいます","kaimasu"
"たてます","tatemasu"
"はしります","hashirimasu"
"とります","torimasu"
"みえます","miemasu"
"きこえます","kikoemasu"
"できます","dekimasu"
"ひらきます","hirakimasu"
"ペット","petto"
"とり","tori"
"こえ","koe"
"なみ","nami"
"はなび","hanabi"
"けしき","keshiki"
"ひるま","hiruma"
"むかし","mukashi"
"どうぐ","dougu"
"クリーニング","kuriiningu"
"マンション","manshon"
"キッチン","kicchin"
"～きょうしつ","～kyoushitsu"
"パーティールーム","paatii ruumu"
"かた","kata"
"～ご","～go"
"～しか","～shika"
"ほかの","hokano"
"はっきり","hakkiri"
"うれます","uremasu"
"おどります","odorimasu"
"かみます","kamimasu"
"えらびます","erabimasu"
"かよいます","kayoimasu"
"メモします","memoshimasu"
"まじめ「な」","majime [na]"
"ねっしん「な」","nesshin [na]"
"えらい","erai"
"ちょうどいい","choudouii"
"けしき","keshiki"
"びよういん","biyouin"
"だいどころ","daidokoro"
"けいけん","keiken"
"ちから","chikara"
"にんき","ninki"
"かたち","katachi"
"いろ","iro"
"あじ","aji"
"ガム","gamu"
"しなもの","shinamono"
"ねだん","nedan"
"きゅうりょう","kyuuryou"
"ボーナス","boonasu"
"ばんぐみ","bangumi"
"ドラマ","dorama"
"かしゅ","kashu"
"しょうせつ","shousetsu"
"むすこ","musuko"
"むすこさん","musukosan"
"むすめ","musume"
"むすめさん","musumesan"
"しばらく","shibaraku"
"たいてい","taitei"
"それに","soreni"
"それで","sorede"
"あきます","akimasu"
"しまります","shimarimasu"
"つきます","tsukimasu"
"きえます","kiemasu"
"こみます","komimasu"
"すきます","sukimasu"
"こわれます","kowaremasu"
"われます","waremasu"
"おれます","oremasu"
"やぶれます","yaburemasu"
"よごれます","yogoremasu"
"つきます","tsukimasu"
"はずれます","hazuremasu"
"とまります","tomarimasu"
"まちがえます","machigaemasu"
"おとします","otoshimasu"
"かかります","kakarimasu"
"「お」さら","「o」sara"
"「お」ちゃわん","「o」chawan"
"コップ","koppu"
"ガラス","garasu"
"ふくろ","fukuro"
"さいふ","saifu"
"えだ","eda"
"えきいん","ekiin"
"このへん","konohen"
"～へん","～hen"
"このくらい","konokurai"
"おさきにどうぞ","osakini douzo"
"「ああ、」よかった","「aa、」 yokatta"
"いまのでんしゃ","ima no densha"
"わすれもの","wasuremono"
"あみだな","amidana"
"はります","harimasu"
"かけます","kakemasu"
"かざります","kazarimasu"
"ならべます","narabemasu"
"うえます","uemasu"
"もどします","modoshimasu"
"まとめます","matomemasu"
"かたづけます","katadukemasu"
"しまいます","shimaimasu"
"きめます","kimemasu"
"しらせます","shirasemasu"
"そうだんします","soudanshimasu"
"よしゅうします","yoshuushimasu"
"ふくしゅうします","fukushuushimasu"
"そのままにします","sonomamanishimasu"
"おこさん","okosan"
"じゅぎょう","jugyou"
"こうぎ","kougi"
"ミーティング","miitingu"
"よてい","yotei"
"おしらせ","oshirase"
"あんないしょ","annaisho"
"カレンダー","karendaa"
"ポスター","posutaa"
"ごみばこ","gomibako"
"にんぎょう","ningyou"
"かびん","kabin"
"かがみ","kagami"
"ひきだし","hikidashi"
"げんかん","genkan"
"ろうか","rouka"
"かべ","kabe"
"いけ","ike"
"もとのところ","moto no tokoro"
"まわり","mawari"
"まんなか","mannaka"
"すみ","sumi"
"まだ","mada"
"リュック","ryukku"
"ひじょうぶくろ","hijoubukuro"
"ひじょうじ","hijouji"
"せいかつします","seikatsushimasu"
"かいちゅうでんとう","kaichuudentou"
"つづけます","tsudukemasu"
"みつけます","mitsukemasu"
"とります","torimasu"
"うけます","ukemasu"
"もうしこみます","moushikomimasu"
"きゅうけいします","kyuukeishimasu"
"れんきゅう","renkyuu"
"さくぶん","sakubun"
"はっぴょう","happyou"
"てんらんかい","tenrankai"
"けっこんしき","kekkonshiki"
"「お」そうしき","「o」soushiki"
"しき","shiki"
"ほんしゃ","honsha"
"してん","shiten"
"きょうかい","kyoukai"
"だいがくいん","daigakuin"
"どうぶつえん","doubutsuen"
"おんせん","onsen"
"おきゃく「さま」","okyaku [sama]"
"だれか","dareka"
"～のほう","～no hou"
"ずっと","zutto"
"のこります","nokorimasu"
"うんどうします","undoushimasu"
"せいこうします","seikoushimasu"
"しっぱいします","shippaishimasu"
"ごうかくします","goukaku shimasu"
"やみます","yamimasu"
"はれます","haremasu"
"くもります","kumorimasu"
"つづきます","tsudukimasu"
"ひきます","hikimasu"
"ひやします","hiyashimasu"
"こみます","komimasu"
"すきます","sukimasu"
"でます","demasu"
"むりをします","muri o shimasu"
"じゅうぶん「な」","juubun [na]"
"おかしい","okashii"
"うるさい","urusai"
"せんせい","sensei"
"やけど","yakedo"
"けが","kega"
"せき","seki"
"インフルエンザ","infuruenza"
"そら","sora"
"たいよう","taiyou"
"ほし","hoshi"
"かぜ","kaze"
"きた","kita"
"みなみ","minami"
"にし","nishi"
"ひがし","higashi"
"すいどう","suidou"
"エンジン","enjin"
"チーム","chiimu"
"こんばん","konban"
"ゆうがた","yuugata"
"まえ","mae"
"おそく","osoku"
"こんなに","konnani"
"そんなに","sonnani"
"あんなに","annani"
"もしかしたら","moshikashitara"
"それはいいですね","sore wa ii desu ne"
"にげます","nigemasu"
"さわぎます","sawagimasu"
"あきらめます","akiramemasu"
"なげます","nagemasu"
"まもります","mamorimasu"
"あげます","agemasu"
"さげます","sagemasu"
"つたえます","tsutaemasu"
"きをつけます","ki o tsukemasu"
"はずします","hazushimasu"
"だめ「な」","dame [na]"
"せき","seki"
"ファイト","faito"
"マーク","maaku"
"ボール","booru"
"せんたくき","sentakuki"
"～き","～ki"
"きそく","kisoku"
"ちゅうい","chuui"
"しようきんし","shiyou kinshi"
"たちいりきんし","tachiiri kinshi"
"じょこう","jokou"
"いりぐち","iriguchi"
"でぐち","deguchi"
"ひじょうぐち","hijouguchi"
"むりょう","muryou"
"ほんじつきゅうぎょう","honjitsu kyuugyou"
"えいぎょうちゅう","eigyuuchuu"
"ちゅうしゃいはん","chuusha ihan"
" police","keisatsu"
"ばっきん","bakkin"
"あぶない","abunai"
"きゅうに","kyuuni"
"みがきます","migakimasu"
"くみたてます","kumitaterasu"
"おります","orimasu"
"きがつきます","ki ga tsukimasu"
"つけます","tsukemasu"
"みつかります","mitsukarimasu"
"しつもんします","shitsumon shimasu"
"さします","sashimasu"
"スポーツクラブ","supootsu kurabu"
"おしろ","oshiro"
"せつめいしょ","setsumeisho"
"ず","zu"
"せん","sen"
"じるし","jirushi"
"やじるし","yajirushi"
"くろ","kuro"
"しろ","shiro"
"あか","aka"
"あお","ao"
"こん","kon"
"きいろ","kiiro"
"ちゃいろ","chairo"
"しょうゆ","shouyu"
"ソース","soosu"
"～か～","～ka～"
"ゆうべ","yuube"
"さっき","sakki"
"さきます","sakimasu"
"かわります","kawarimasu"
"こまります","komarimasu"
"つけます","tsukemasu"
"なおります","naorimasu"
"クリックします","kurikkushimasu"
"にゅうりょくします","nyuuryoku shimasu"
"ただしい","tadashii"
"むこう","mukou"
"しま","shima"
"みなと","minato"
"きんじょ","kinjo"
"おくじょう","okujou"
"やまのぼり","yamanobori"
"ハイキング","haikingu"
"きかい","kikai"
"きょか","kyoka"
"まる","maru"
"操作","sousa"
"ほうほう","houhou"
"はじめに","hajime ni"
"あいます","aimasu"
"なれます","naremasu"
"あきらめます","akiramemasu"
"きまります","kimirimasu"
"だします","dashimasu"
"とどきます","todokimasu"
"とびます","tobimasu"
"録音します","rokuonshimasu"
"とくべつ「な」","tokubetsu [na]"
"めずらしい","mezurashii"
"ほかの","hokano"
"ひじょうに","hijouni"
"かなり","kanari"
"やっと","yatto"
"なるべく","narubeku"
"ぜったいに","zettaini"
"ショパン","shopan"
"おきゃくさま","okyakusama"
"ほめます","homemasu"
"しかります","shikarimasu"
"さそいます","sasoimasu"
"おこします","okoshimasu"
"よびます","yobimasu"
"たのみます","tanomimasu"
"ちゅういします","chuui shimasu"
"とります","torimasu"
"ふみます","fumimasu"
"こわします","kowashimasu"
"よごします","yogoshimasu"
"おこないます","okonaimasu"
"ゆしゅつします","yushutsu shimasu"
"ゆにゅうします","yunyuu shimasu"
"ほんやくします","honyaku shimasu"
"はつめいします","hatsumei shimasu"
"はっけんします","hakken shimasu"
"せっけいします","sekkei shimasu"
"こめ","kome"
"むぎ","mugi"
"せきゆ","sekiyu"
"げんりょう","genryou"
"インスタントラーメン","insutanto raamen"
"デート","deeto"
"どろぼう","dorobou"
"けいかん","keikan"
"せかいじゅう","sekaijuu"
"～じゅう","～juu"
"そだてます","sodatemasu"
"はこびます","hakobimasu"
"なくなります","nakunarimasu"
"にゅういんします","nyuuin shimasu"
"たいいんします","taiin shimasu"
"いれます","iremasu"
"きります","kirimasu"
"かけます","kakemasu"
"きもちがいい","kimochi gaii"
"きもちがわるい","kimochi gawaruai"
"あかちゃん","akachan"
"しょうがっこう","shougakkou"
"ちゅうがっこう","chuugakkou"
"えきまえ","ekimae"
"かいがん","kaigan"
"うそ","uso"
"しょるい","shorui"
"でんげん","dengen"
"はんこ","hanko"
"おします","oshimasu"
"こたえます","kotaemasu"
"たおれます","taoremasu"
"とおります","toorimasu"
"しにます","shinimasu"
"びっくりします","bikkuri shimasu"
"がっかりします","gakkari shimasu"
"あんしんします","anshin shimasu"
"ちこくします","chikoku shimasu"
"そうたいします","soutai shimasu"
"けんかします","kenka shimasu"
"りこんします","rikon shimasu"
"ふくざつ「な」","fukuzatsu [na]"
"じゃま「な」","jama [na]"
"きたない","kitanai"
"うれしい","ureshii"
"かなしい","kanashii"
"はずかしい","hazukashii"
"じしん","jishin"
"たいふう","taifuu"
"かじ","kaji"
"じこ","jiko"
"ハイキング","haikingu"
"「お」みあい","「o」miai"
"フロント","furonto"
"～ごうしつ","～goushitsu"
"タオル","taoru"
"せっけん","sekken"
"おおぜい","oozei"
"おつかれさまでした","otsukaresama deshita"
"かぞえます","kazoemasu"
"はかります","hakarimasu"
"たしかめます","tashikamemasu"
"しゅっぱつします","shuppatsu shimasu"
"とうちゃくします","touchaku shimasu"
"よいます","yoimasu"
"きけん「な」","kiken [na]"
"ひつよう「な」","hitsuyou [na]"
"うちゅう","uchuu"
"ちきゅう","chikyuu"
"ぼうねんかい","bounenkai"
"しんねんかい","shinnenkai"
"にじかい","nijikai"
"たいかい","taikai"
"マラソン","marason"
"コンテスト","kontesuto"
"おもて","omote"
"うら","ura"
"へんじ","henji"
"もうしこみ","moushikomi"
"ほんとう","hontou"
"まちがい","machigai"
"きず","kizu"
"ズボン","zubon"
"ながさ","nagasa"
"おもさ","omosa"
"たかさ","takasa"
"いただきます","itadakimasu"
"くださいます","kudasaimasu"
"やります","yarimasu"
"あげます","agemasu"
"さげます","sagemasu"
"しんせつにします","shinsetsu ni shimasu"
"かわいい","kawaii"
"めずらしい","mezurashii"
"おいわい","oiwai"
"おとしだま","otoshidama"
"「お」みまい","「o」mimai"
"きょうみ","kyoumi"
"じょうほう","jouhou"
"ぶんぽう","bunpou"
"しぜん","shizen"
"えさ","esa"
"おもちゃ","omocha"
"えほん","ehon"
"カード","kaado"
"くつした","kutsushita"
"てぶくろ","tebukuro"
"幼稚園","youchien"
"だんぼう","danbou"
"れいぼう","reibou"
"おんど","ondo"
"わかします","wakashimasu"
"まぜます","mazemasu"
"けいさんします","keisan shimasu"
"ならびます","narabimasu"
"じょうぶ「な」","joubu [na]"
"アパート","apaato"
"べんごし","bengoshi"
"おんがくか","ongakuka"
"こどもたち","kodomotachi"
"しぜん","shizen"
"きょういく","kyouiku"
"ぶんか","bunka"
"さいえん","saien"
"せいじ","seiji"
"ほうりつ","houritsu"
"せんそう","sensou"
"へいわ","heiwa"
"もくてき","mokuteki"
"ろんぶん","ronbun"
"たのしみ","tanoshimi"
"ミキサー","mikisaa"
"やかん","yakan"
"ふた","futa"
"せんぬき","sennuki"
"かんきり","kankiri"
"かん","kan"
"のしぶくろ","noshibukuro"
"ふろしき","furoshiki"
"そろばん","soroban"
"たいおんけい","taionkei"
"ざいりょう","zairyou"
"ふえます","fuemasu"
"へります","herimasu"
"あがります","agarimasu"
"さがります","sagarimasu"
"きれます","kiremasu"
"とれます","toremasu"
"おちます","ochimasu"
"なくなります","nakunarimasu"
"へん「な」","hen [na]"
"しあわせ「な」","shiawase [na]"
"らく「な」","raku [na]"
"あつい","atsui"
"うすい","usui"
"ふとい","futoi"
"ほそい","hosoi"
"あかるい","akarui"
"くうき","kuuki"
"なみ","nami"
"かいがん","kaigan"
"こうじ","kouji"
"きょうじゅ","kyouju"
"てぶくろ","tebukuro"
"なきます","nakimasu"
"わらいます","waraimasu"
"かわきます","kawakimasu"
"ぬれます","nuremasu"
"すべります","suberimasu"
"おきます","okimasu"
"ちょうせつします","chousetsu shimasu"
"あんぜん「な」","anzen [na]"
"ていねい「な」","teinei [na]"
"こまかい","komakai"
"こい","koi"
"うすい","usui"
"あつい","atsui"
"ふとい","futoi"
"ほそい","hosoi"
"くうき","kuuki"
"なみだ","namida"
"わしょく","washoku"
"ようしょkう","youshoku"
"おかず","okazu"
"りょう","ryou"
"～ばい","～bai"
"シングル","shinguru"
"ツイン","tsuin"
"たんす","tansu"
"せんたくもの","sentakumono"
"しんじます","shinjimasu"
"キャンセルします","kyanseru shimasu"
"しらせます","shirasemasu"
"ほしょうしょ","hoshousho"
"りょうしゅうしょ","ryoushuusho"
"キャンプ","kyanpu"
"ちゅうし","chuushi"
"てん","ten"
"レバー","rebaa"
"～さつ","～satsu"
"ちゃんと","chanto"
"きゅうに","kyuuni"
"たのしみにしています","tanoshimi ni shite imasu"
"いじょうです","ijou desu"
"わたします","watashimasu"
"かえってきます","kaette kimasu"
"でます","demasu"
"とどきます","todokimasu"
"にゅうがくします","nyuugaku shimasu"
"そつぎょうします","sotsugyou shimasu"
"やきます","yakimasu"
"やけます","yakemasu"
"るす","rusu"
"たくはいびん","takuhaibin"
"げんいん","genin"
"こちら","kochira"
"のところ","no tokoro"
"はんとし","hantoshi"
"ちょうど","choudo"
"たったいま","tatta ima"
"いまいいですか","ima ii desu ka"
"ふきます","fukimasu"
"もえます","moemasu"
"なくなります","nakunarimasu"
"あつまりまs","atsumarimasu"
"わかれます","wakaremasu"
"します","shimasu"
"きびしい","kibishii"
"ひどい","hidoi"
"こわい","kowai"
"じけん","jiken"
"オートバイ","ootobai"
"ばくだん","bakudan"
"つみます","tsumimasu"
"うんてんし","untenshi"
"はなれます","hanaremasu"
"きゅうに","kyuuni"
"いっしょうけんめい","isshoukenmei"
"おろします","oroshimasu"
"とどけます","todokemasu"
"せわをします","sewa o shimasu"
"ろくおんします","rokuon shimasu"
"いや「な」","iya [na]"
"じゅく","juku"
"せいと","seito"
"じゆうに","jiyuuni"
"～かん","～kan"
"いいことですね","ii koto desu ne"
"おいそがしいですか","oisogashii desu ka"
"いらっしゃいます","irasshaimasu"
"めしあがります","meshiagarimasu"
"おっしゃいます","osshaimasu"
"なさいます","nasaimasu"
"ごらんになります","goran ni narimasu"
"ごぞんじです","gozonji desu"
"あいさつ","aisatsu"
"りょかん","ryokan"
"ばすてい","basutei"
"おくさま","okusama"
"たまに","tamani"
"どなたでも","donatademo"
"～といいます","～to iimasu"
"まいります","mairimasu"
"おります","orimasu"
"いただきます","itadakimasu"
"もうします","moushimasu"
"いたします","itashimasu"
"はいけんします","haiken shimasu"
"ぞんじます","zonjimasu"
"うかがいます","ukagaimasu"
"おめにかかります","ome ni kakarimasu"
"いれます","iremasu"
"よういします","youi shimasu"
"さきに","sakini"
"ひ","hi"
"にほん","nihon"
"きゅうじつ","kyuujitsu"
"まいにち","mainichi"
"たんじょうび","tanjoubi"
"つき","tsuki"
"いちがつ","ichigatsu"
"こんげつ","kongetsu"
"まいつき","maitsuki"
"げつようび","getsuyoubi"
"き","ki"
"もくようび","mokuyoubi"
"たいぼく","taiboku"
"ぼくとう","bokutou"
"もめん","momen"
"やま","yama"
"ふじさん","fujisan"
"かざん","kazan"
"とざん","tozan"
"やまみち","yamamichi"
"かわ","kawa"
"おがわ","ogawa"
"ないるがわ","nairugawa"
"かせん","kasen"
"かわぎし","kawagishi"
"た","ta"
"たなか","tanaka"
"すいでん","suiden"
"いなか","inaka"
"やまだ","yamada"
"ひと","hito"
"にほんじん","nihonjin"
"おとな","otona"
"さんにん","sannin"
"こいびと","koibito"
"くち","kuchi"
"いりぐち","iriguchi"
"でぐち","deguchi"
"じんこう","jinkou"
"まどぐち","madoguchi"
"くるま","kuruma"
"でんしゃ","densha"
"じどうしゃ","jidousha"
"じてんしゃ","jitensha"
"ていしゃ","teisha"
"もん","mon"
"せんもん","senmon"
"こうもん","koumon"
"かどまつ","kadomatsu"
"もんげん","mongen"
"ひ","hi"
"かようび","kayoubi"
"かざん","kazan"
"かじ","kaji"
"はなび","hanabi"
"みず","mizu"
"すいようび","suiyoubi"
"すいどう","suidou"
"すいえい","suiei"
"かいすい","kaisui"
"かね","kane"
"きんようび","kinyoubi"
"おかね","okane"
"げんきん","genkin"
"ちょきん","chokin"
"つち","tsuchi"
"どようび","doyoubi"
"とち","tochi"
"どぼく","doboku"
"みやげ","miyage"
"こ","ko"
"こども","kodomo"
"じょし","joshi"
"だんし","danshi"
"ようす","yousu"
"おんな","onna"
"じょし","joshi"
"かのじょ","kanojo"
"ちょうじょ","choujo"
"じょせい","josei"
"がっこう","gakkou"
"がくせい","gakusei"
"だいがく","daigaku"
"がくぶ","gakubu"
"けんがく","kengaku"
"せんせい","sensei"
"がくせい","gakusei"
"うまれる","umareru"
"いきる","ikiru"
"いっしょう","isshou"
"せんせい","sensei"
"せんじつ","senjitsu"
"せんしゅう","senshuu"
"さきに","sakini"
"せんげつ","sengetsu"
"わたし","watashi"
"しりつ","shiritsu"
"しよう","shiyou"
"しり","shiri"
"しふく","shifuku"
"ひとり","hitori"
"ついたち","tsuitachi"
"ひとつ","hitotsu"
"いちねん","ichinen"
"いちがつ","ichigatsu"
"にがつ","nigatsu"
"ふたり","futari"
"ふたつ","futatsu"
"はつか","hatsuka"
"ふつか","futsuka"
"さんがつ","sangatsu"
"さんにん","sannin"
"みっつ","mittsu"
"みっか","mikka"
"さんかくけい","sankakukei"
"しがつ","shigatsu"
"よにん","yonin"
"よっつ","yottsu"
"よっか","yokka"
"しき","shiki"
"ごがつ","gogatsu"
"ごにん","gonin"
"いつつ","itsutsu"
"いつか","itsuka"
"ごかん","gokan"
"ろくがつ","rokugatsu"
"ろくにん","rokunin"
"むっつ","muttsu"
"むいか","muika"
"ろっかくけい","rokkakukei"
"しちがつ","shichigatsu"
"しちにん","shichinin"
"ななつ","nanatsu"
"なのか","nanoka"
"たなばた","tanabata"
"はちがつ","hachigatsu"
"はちにん","hachinin"
"やっつ","yattsu"
"ようか","youka"
"やおや","yaoya"
"くがつ","kugatsu"
"きゅうにん","kyuunin"
"ここのつ","kokonotsu"
"ここのか","kokonoka"
"きゅうしゅう","kyuushuu"
"じゅうがつ","juugatsu"
"じゅうにん","juunin"
"とおか","tooka"
"じゅうぶん","juubun"
"じゅうじか","juujika"
"ひゃく","hyaku"
"さんびゃく","sanbyaku"
"ろっぴゃく","roppyaku"
"はっぴゃく","happyaku"
"ひゃっかじてん","hyakkajiten"
"せん","sen"
"さんぜん","sanzen"
"はっせん","hassen"
"せんえん","sen'en"
"ちば","chiba"
"いちまん","ichiman"
"ばんざい","banzai"
"まんいち","man'ichi"
"ばんこく","bankoku"
"まんねんひつ","mannenhitsu"
"えん","en"
"まるい","marui"
"ひゃくえん","hyakuen"
"えんだか","endaka"
"えんばん","enban"
"とし","toshi"
"ことし","kotoshi"
"らいねん","rainen"
"きょねん","kyonen"
"ねんせい","nensei"
"うえ","ue"
"あがる","agaru"
"じょうず","jouzu"
"うわぎ","uwagi"
"おくじょう","okujou"
"した","shita"
"さがる","sagaru"
"へた","heta"
"ちかてつ","chikatetsu"
"ろうか","rouka"
"なか","naka"
"ちゅうごく","chuugoku"
"いちにちじゅう","ichinichijuu"
"ちゅうがっこう","chuugakkou"
"ちゅうしん","chuushin"
"おおきい","ookii"
"だいがく","daigaku"
"おとな","otona"
"たいせつ","taisetsu"
"たいかい","taikai"
"ちいさい","chiisai"
"しょうがくせい","shougakusei"
"しょうせつ","shousetsu"
"こや","koya"
"おがわ","ogawa"
"ほん","hon"
"にほんご","nihongo"
"やまもと","yamamoto"
"ほんじつ","honjitsu"
"ほんとう","hontou"
"はんぶん","hanbun"
"はんとし","hantoshi"
"はんにち","hannichi"
"さんじはん","sanjihan"
"ぜんはん","zenhan"
"じぶん","jibun"
"ごふん","gofun"
"わかる","wakaru"
"はんぶん","hanbun"
"きぶん","kibun"
"ちから","chikara"
"かりょく","karyoku"
"じつりょく","jitsuryoku"
"どりょく","doryoku"
"たいりょく","tairyoku"
"なに","nani"
"なんじ","nanji"
"なんin","nannin"
"なんようび","nanyoubi"
"なにか","nanika"
"あした","ashita"
"せつめい","setsumei"
"はつめい","hatsumei"
"あかるい","akarui"
"あさって","asatte"
"やすみ","yasumi"
"きゅうじつ","kyuujitsu"
"やすむ","yasumu"
"なつやすみ","natsuyasumi"
"ひるやすみ","hiruyasumi"
"からだ","karada"
"たいりょく","tairyoku"
"たいいく","taiiku"
"ぜんたい","zentai"
"たいじゅう","taijuu"
"すき","suki"
"だいすき","daisuki"
"こうぶつ","koubutsu"
"おこのみやき","okonomiyaki"
"こうい","koui"
"おとこ","otoko"
"おとこのこ","otokonoko"
"ちょうなん","chounan"
"だんし","danshi"
"だんせい","dansei"
"はやし","hayashi"
"こばやし","kobayashi"
"しんりん","shinrin"
"さんりん","sanrin"
"りんどう","rindou"
"もり","mori"
"もりた","morita"
"あおもり","aomori"
"しんりん","shinrin"
"しんげん","shingen"
"あいだ","aida"
"じかん","jikan"
"まにあう","maniau"
"まちがい","machigai"
"きゃくま","kyakuma"
"はたけ","hatake"
"たはた","tahata"
"はなばたけ","hanabatake"
"むぎばたけ","mugibatake"
"やくそうばたけ","yakusoubatake"
"いわ","iwa"
"がんせき","ganseki"
"いわやま","iwayama"
"ようがん","yougan"
"いわば","iwaba"
"め","me"
"もくじ","mokuji"
"もくてき","mokuteki"
"めだつ","medatsu"
"めうえ","meue"
"みみ","mimi"
"じびか","jibika"
"みみなり","miminari"
"はやみみ","hayamimi"
"みみかざり","mimikazari"
"て","te"
"てがみ","tegami"
"じょうず","jouzu"
"へた","heta"
"きって","kitte"
"あし","ashi"
"いっそく","issoku"
"えんそく","ensoku"
"ふそく","fusoku"
"あしくび","ashikubi"
"あめ","ame"
"おおあめ","ooame"
"うてん","uten"
"あまみず","amamizu"
"つゆ","tsuyu"
"たけ","take"
"ちくりん","chikurin"
"たけのこ","takenoko"
"たけうま","takeuma"
"ちくざい","chikuzai"
"こめ","kome"
"しんまい","shinmai"
"べいこく","beikoku"
"はくまい","hakumai"
"げんまい","genmai"
"かい","kai"
"かいがら","kaigara"
"あかがい","akagai"
"むーるがい","muurugai"
"かいるい","kairui"
"いし","ishi"
"せっけん","sekken"
"せきゆ","sekiyu"
"じしゃく","jishaku"
"ほうせき","houseki"
"いと","ito"
"けいと","keito"
"けんし","kenshi"
"つりいと","tsuriito"
"ばっし","basshi"
"はな","hana"
"はなび","hanabi"
"いけばな","ikebana"
"かびん","kabin"
"はなや","hanaya"
"おちゃ","ocha"
"こうちゃ","koucha"
"さどう","sadou"
"ちゃいろ","chairo"
"きっさてん","kissaten"
"にく","niku"
"ぎゅうにく","gyuuniku"
"ぶたにく","butaniku"
"とりにく","toriniku"
"きんにく","kinniku"
"もじ","moji"
"さくぶん","sakubun"
"ぶんか","bunka"
"ちゅうもん","chuumon"
"ぶんがく","bungaku"
"じ","ji"
"かんじ","kanji"
"みょうじ","myouji"
"しゅうじ","shuuji"
"ろーまじ","roomaji"
"もの","mono"
"にもつ","nimotsu"
"たべもの","tabemono"
"たてもの","tatemono"
"どうぶつ","doubutsu"
"うし","ushi"
"ぎゅうにゅう","gyuunyuu"
"わぎゅう","wagyuu"
"ぎゅうにく","gyuuniku"
"こうし","koushi"
"うま","uma"
"じょうば","jouba"
"ばしゃ","basha"
"きょうそうば","kyousouba"
"もくば","mokuba"
"とり","tori"
"ことり","kotori"
"やきとり","yakitori"
"はくちょう","hakuchou"
"いっせきにちょう","issekinichou"
"さかな","sakana"
"きんぎょ","kingyo"
"にんぎょ","ningyo"
"せんぎょ","sengyo"
"さかなや","sakanaya"
"あたらしい","atarashii"
"しんぶん","shinbun"
"しんねん","shinnen"
"しんにゅうせい","shinnyuusei"
"しんかんせん","shinkansen"
"ふるい","furui"
"ちゅうこ","chuuko"
"ふるほん","furuhon"
"こと","koto"
"こうこがく","koukogaku"
"ながい","nagai"
"こうちょう","kouchou"
"しんちょう","shinchou"
"ぶちょう","buchou"
"ちょうき","chouki"
"みじかい","mijikai"
"たんしょ","tansho"
"たんだい","tandai"
"たんきかん","tankikan"
"たんぶん","tanbun"
"たかい","takai"
"こうこう","koukou"
"さいこう","saikou"
"こうきゅう","koukyuu"
"たかね","takane"
"やすい","yasui"
"あんぜん","anzen"
"あんしん","anshin"
"ふあん","fuan"
"めやす","meyasu"
"ひくい","hikui"
"さいてい","saitei"
"ていか","teika"
"ていきあつ","teikiatsu"
"ていおん","teion"
"くらい","kurai"
"あんき","anki"
"まっくら","makkura"
"あんごう","angou"
"あんしつ","anshitsu"
"おおい","ooi"
"たしょう","tashou"
"たぶん","tabun"
"たすう","tasuu"
"たぼう","tabou"
"すこし","sukoshi"
"すくない","sukunai"
"しょうねん","shounen"
"しょうじょ","shoujo"
"しょうしょう","shoushou"
"いく","iku"
"ぎんこう","ginkou"
"りょこう","ryokou"
"ぎょうじ","gyouji"
"おこなう","okonau"
"くる","kuru"
"らいねん","rainen"
"らいげつ","raigetsu"
"しょうらい","shourai"
"ほんらい","honrai"
"かえる","kaeru"
"かえりみち","kaerimichi"
"きこく","kikoku"
"ひがえり","higaeri"
"きたく","kitaku"
"たべる","taberu"
"しょくどう","shokudou"
"しょくじ","shokuji"
"たべもの","tabemono"
"ちょうしょく","choushoku"
"のむ","nomu"
"のみもの","nomimono"
"いんしょくてん","inshokuten"
"のみかい","nomikai"
"かんいりいんりょう","kaniiriinryou"
"みる","miru"
"けんがく","kengaku"
"いけん","iken"
"みほん","mihon"
"はなみ","hanami"
"きく","kiku"
"しんぶん","shinbun"
"きこえる","kikoeru"
"ききとり","kikitori"
"ぜんだいみもん","zendaimimon"
"よむ","yomu"
"どくしょ","dokusho"
"どっかい","dokkai"
"くとうてん","kutouten"
"よみもの","yomimono"
"かく","kaku"
"きょうかしょ","kyoukasho"
"としょかん","toshokan"
"じしょ","jisho"
"かきなおす","kakinaosu"
"はなす","hanasu"
"でんわ","denwa"
"かいわ","kaiwa"
"せわ","sewa"
"むかしばなし","mukashibanashi"
"かう","kau"
"かいもの","kaimono"
"ばいばい","baibai"
"ばいしゅう","baishuu"
"かいしめる","kaishimeru"
"おしえる","oshieru"
"きょうしつ","kyoushitsu"
"きょうかい","kyoukai"
"きょういく","kyouiku"
"きょうし","kyoushi"
"あさ","asa"
"ちょうしょく","choushoku"
"けさ","kesa"
"まいあさ","maiasa"
"あさひ","asahi"
"ひる","hiru"
"ひるやすみ","hiruyasumi"
"ちゅうしょく","chuushoku"
"ひるね","hirune"
"ひるま","hiruma"
"よる","yoru"
"よなか","yonaka"
"こんや","konya"
"やしょく","yashoku"
"さくや","sakuya"
"ばん","ban"
"こんばん","konban"
"まいばん","maiban"
"ばんごはん","bangohan"
"ばんねん","bannen"
"ゆうがた","yuugata"
"ゆうしょく","yuushoku"
"ゆうひ","yuuhi"
"ゆうだち","yuudachi"
"たなばた","tanabata"
"かた","kata"
"よみかた","yomikata"
"ほうこう","houkou"
"ちほう","chihou"
"みかた","mikata"
"ごぜん","gozen"
"ごご","gogo"
"しょうご","shougo"
"ごぜんちゅう","gozenchuu"
"しごせん","shigosen"
"まえ","mae"
"なまえ","namae"
"ごぜん","gozen"
"みっかまえ","mikkamae"
"ぜんぽう","zenpou"
"うしろ","ushiro"
"ごご","gogo"
"さいご","saigo"
"うしろむき","ushiromuki"
"あとで","atode"
"まいにち","mainichi"
"まいつき","maitsuki"
"まいねん","mainen"
"まいあさ","maiasa"
"まいばん","maiban"
"いっしゅうかん","isshuukan"
"せんしゅう","senshuu"
"こんしゅう","konshuu"
"らいしゅう","raishuu"
"まいしゅう","maishuu"
"ようび","youbi"
"げつようび","getsuyoubi"
"かようび","kayoubi"
"すいようび","suiyoubi"
"もくようび","mokuyoubi"
"つくる","tsukuru"
"さくぶん","sakubun"
"さっか","sakka"
"さくひん","sakuhin"
"どうさ","dousa"
"およぐ","oyogu"
"すいえい","suiei"
"きょうえい","kyouei"
"ひらおよぎ","hiraoyogi"
"えいほう","eihou"
"あぶら","abura"
"せきゆ","sekiyu"
"しょうゆ","shouyu"
"あぶらえ","aburae"
"さらだゆ","saradayu"
"うみ","umi"
"かいがい","kaigai"
"かいすい","kaisui"
"ほっかいどう","hokkaido"
"にほんかい","nihonkai"
"さけ","sake"
"にほんしゅ","nihonshu"
"さかや","sakaya"
"いんしゅ","inshu"
"いざかや","izakaya"
"まつ","matsu"
"まちあいしつ","machiaishitsu"
"しょうたい","shoutai"
"きたい","kitai"
"まちあわせ","machiawase"
"がっこう","gakkou"
"こうちょう","kouchou"
"こうこうせい","koukousei"
"こうもん","koumon"
"しょうがっこう","shougakkou"
"とき","toki"
"じかん","jikan"
"とけい","tokei"
"いちじ","ichiji"
"ときどき","tokidoki"
"いう","iu"
"ことば","kotoba"
"げんご","gengo"
"ほうげん","hougen"
"伝言","dengon"
"とけい","tokei"
"けいかく","keikaku"
"ごうけい","goukei"
"けいさん","keisan"
"かけい","kakei"
"かたる","kataru"
"にほんご","nihongo"
"たんご","tango"
"ものがたり","monogatari"
"けいご","keigo"
"ごはん","gohan"
"ゆうはん","yuuhan"
"あさめし","asameshi"
"すいはんき","suihanki"
"ひるめし","hirumeshi"
"じゅうたく","juutaku"
"じたく","jitaku"
"きたく","kitaku"
"おたく","otaku"
"たくはい","takuhai"
"きゃく","kyaku"
"じょうぎゃく","jougyaku"
"らいきゃく","raikyaku"
"かんきゃく","kankyaku"
"おきゃくさま","okyokusama"
"きょうしつ","kyoushitsu"
"しつない","shitsunai"
"としょしつ","toshoshitsu"
"わしつ","washitsu"
"まちあいしつ","machiaishitsu"
"いえ","ie"
"かぞく","kazoku"
"かない","kanai"
"がか","gaka"
"おおや","ooya"
"えいご","eigo"
"えいこく","eikoku"
"えいかいわ","eikaiwa"
"えいさい","eisai"
"えいゆう","eiyuu"
"くすり","kusuri"
"めぐすり","megusuri"
"やっきょく","yakkyoku"
"のみぐすり","nomigusuri"
"やくひん","yakuhin"
"あう","au"
"かいしゃ","kaisha"
"かいわ","kaiwa"
"たいかい","taikai"
"しんねんかい","shinnenkai"
"いま","ima"
"きょう","kyou"
"こんげつ","kongetsu"
"ことし","kotoshi"
"けさ","kesa"
"ゆき","yuki"
"おおゆき","ooyuki"
"はつゆき","hatsuyuki"
"しんせつ","shinsetsu"
"ゆきまつり","yukimatsuri"
"くも","kumo"
"せいうん","seiun"
"うんかい","unkai"
"あまぐも","amagumo"
"せきらんうん","sekiran'un"
"でんき","denki"
"でんしゃ","densha"
"でんわ","denwa"
"でんりょく","denryoku"
"でんし","denshi"
"うる","uru"
"ばいてん","baiten"
"うりば","uriba"
"ばいばい","baibai"
"とくばい","tokubai"
"ひろい","hiroi"
"ひろしま","hiroshima"
"ひろば","hiroba"
"こうこく","koukoku"
"こうだい","koudai"
"みせ","mise"
"てんいん","ten'in"
"ばいてん","baiten"
"きっさてん","kissaten"
"してん","shiten"
"いちど","ichido"
"こんど","kondo"
"おんど","ondo"
"そくど","sokudo"
"ていど","teido"
"びょういん","byouin"
"びょうき","byouki"
"びょうしつ","byoushitsu"
"じゅうびょう","juubyou"
"かんびょう","kanbyou"
"つかれる","tsukureru"
"つかれ","tsukare"
"ひろう","hirou"
"つかれめ","tsukareme"
"おつかれさま","otsukaresama"
"いたい","itai"
"ずつう","zutsuu"
"ふくつう","fukutsuu"
"いたみどめ","itamidome"
"くつう","kutsuu"
"おくじょう","okujou"
"へや","heya"
"ほんや","honya"
"さかなや","sakanaya"
"ぱんや","panya"
"くに","kuni"
"がいこくじん","gaikokujin"
"ちゅうごく","chuugoku"
"こくせき","kokuseki"
"かんこく","kankoku"
"まわる","mawaru"
"いっかい","ikkai"
"こんかい","konkai"
"まわる","mawaru"
"かいとう","kaitou"
"こまる","komaru"
"こんなん","konnan"
"こんきゅう","konkyuu"
"ひんこん","hinkon"
"こまりはてる","komarihateru"
"あける","akeru"
"ひらく","hiraku"
"かいし","kaishi"
"かいてん","kaiten"
"かいはつ","kaihatsu"
"しめる","shimeru"
"とじる","tojiru"
"へいかい","heikai"
"へいてん","heiten"
"へいさ","heisa"
"ちかい","chikai"
"きんじょ","kinjo"
"さいきん","saikin"
"ちかみち","chikamichi"
"ふきん","fukin"
"とおい","tooi"
"えんそく","ensoku"
"えんりょ","enryo"
"えんごく","engoku"
"とおまわり","toomawari"
"はやい","hayai"
"そくど","sokudo"
"こうそくどうろ","kousokudouro"
"そくたつ","sokutatsu"
"そっき","sokki"
"おそい","osoi"
"おくれる","okureru"
"ちこく","chikoku"
"ちえん","chien"
"おそまきながら","osomakinagara"
"みち","michi"
"すいどう","suidou"
"しょどう","shodou"
"さどう","sadou"
"ほっかいどう","hokkaido"
"あお","ao"
"あおぞら","aozora"
"せいねん","seinen"
"あおもり","aomori"
"あおしんごう","aoshingou"
"はれる","hareru"
"はれ","hare"
"かいせい","kaisei"
"せいてん","seiten"
"はれぎ","haregi"
"しずか","shizuka"
"せいし","seishi"
"れいせい","reisei"
"せいよう","seiyou"
"あんせい","ansei"
"てら","tera"
"おてら","otera"
"じいん","jiin"
"きんかくじ","kinkakuji"
"きよみずでら","kiyomizudera"
"まつ","matsu"
"かねもち","kanemochi"
"もちもの","mochimono"
"きもち","kimochi"
"しじ","shiji"
"にもつ","nimotsu"
"おもに","omoni"
"しゅっか","shukka"
"にゅうか","nyuuka"
"てにもつ","tenimotsu"
"うた","uta"
"うたう","utau"
"かしゅ","kashu"
"こっか","kokka"
"たんか","tanka"
"ともだち","tomodachi"
"ゆうじん","yuujin"
"しんゆう","shinyuu"
"ゆうじょう","yuujou"
"ゆうこう","yuukou"
"ちち","chichi"
"おとうさん","otousan"
"ちちおや","chichioya"
"そふ","sofu"
"ふぼ","fubo"
"はは","haha"
"おかあさん","okaasan"
"ははおや","hahaoya"
"そぼ","sobo"
"ぼこくご","bokokugo"
"あに","ani"
"おにいさん","oniisan"
"きょうだい","kyoudai"
"ちょうけい","choukei"
"ぎけい","gikei"
"あね","ane"
"おねえさん","oneesan"
"しまい","shimai"
"ちょうし","choushi"
"ぎし","gishi"
"おとうと","otouto"
"きょうだい","kyoudai"
"してい","shitei"
"でし","deshi"
"まってい","mattei"
"いもうと","imouto"
"いもうとさん","imoutosan"
"しまい","shimai"
"ぎまい","gimai"
"じゅうまい","juumai"
"おっと","otto"
"ごしゅじん","goshujin"
"ふうふ","fuufu"
"じょうぶ","joubu"
"ふじん","fujin"
"つま","tsuma"
"おくさん","okusan"
"ふさい","fusai"
"さいし","saishi"
"あいさい","aisai"
"かれ","kare"
"かのじょ","kanojo"
"かれら","karera"
"ひがん","higan"
"かれし","kareshi"
"しゅじん","shujin"
"おもに","omoni"
"もちぬし","mochinushi"
"しゅよう","shuyou"
"てんしゅ","tenshu"
"おく","oku"
"おくさん","okusan"
"おくち","okuchi"
"おくゆき","okuyuki"
"おうぎ","ougi"
"げんき","genki"
"あしもと","ashimoto"
"じもと","jimoto"
"がんじつ","ganjitsu"
"きげんぜん","kigenzen"
"げんき","genki"
"でんき","denki"
"きもち","kimochi"
"にんき","ninki"
"てんき","tenki"
"ゆうめい","yuumei"
"ゆうりょく","yuuryoku"
"しょゆう","shoyuu"
"ありがたい","arigatai"
"きょうゆう","kyouyuu"
"なまえ","namae"
"ゆうめい","yuumei"
"みょうじ","myouji"
"めいし","meishi"
"めいぶつ","meibutsu"
"おや","oya"
"りょうしん","ryoushin"
"しんせつ","shinsetsu"
"しんゆう","shinyuu"
"ちちおや","chichioya"
"きる","kiru"
"たいせつ","taisetsu"
"きって","kitte"
"しんせつ","shinsetsu"
"しめきり","shimekiri"
"べんり","benri"
"ゆうびんきょく","yuubinkyoku"
"こうくうびん","koukuubin"
"しょうべん","shouben"
"たより","tayori"
"べんり","benri"
"りよう","riyou"
"りえき","rieki"
"りこう","rikou"
"けんり","kenri"
"ふべん","fuben"
"ふそく","fusoku"
"ふあん","fuan"
"ふか","fuka"
"ふこう","fukou"
"わかい","wakai"
"わかもの","wakamono"
"わかくさ","wakakusa"
"じゃっかん","jakkan"
"わかわかしい","wakawakashii"
"はやい","hayai"
"そうちょう","souchou"
"さっそく","sassoku"
"そうたい","soutai"
"はやおき","hayaoki"
"いそがしい","isogashii"
"たぼう","tabou"
"はんぼうき","hanbouki"
"ぼうさつ","bousatsu"
"こうしたぼう","koushitabou"
"でる","deru"
"だす","dasu"
"でぐち","deguchi"
"がいしゅつ","gaishutsu"
"しゅっぱつ","shuppatsu"
"はいる","hairu"
"いれる","ireru"
"いりぐち","iriguchi"
"にゅうがく","nyuugaku"
"にゅういん","nyuuin"
"のる","noru"
"のりもの","norimono"
"じょうぎゃく","jougyaku"
"じょうば","jouba"
"のりかえる","norikaeru"
"おりる","oriru"
"ふる","furu"
"こうしゃ","kousha"
"いこう","ikou"
"こうう","kouu"
"きる","kiru"
"つく","tsuku"
"したぎ","shitagi"
"とうちゃく","touchaku"
"みずぎ","mizugi"
"わたる","wataru"
"わたす","watasu"
"わたりどり","wataridori"
"とこう","tokou"
"じょうと","jouto"
"とおる","tooru"
"かよう","kayou"
"こうつう","koutsuu"
"どおり","doori"
"ふつう","futsuu"
"はしる","hashiru"
"そうしゃ","sousha"
"きょうそう","kyousou"
"そうこう","soukou"
"だっそう","dassou"
"あるく","aruku"
"さんぽ","sanpo"
"ほどう","hodou"
"いっぽ","ippo"
"しんぽ","shinpo"
"とまる","tomaru"
"とめる","tomeru"
"きんし","kinshi"
"ちゅうし","chuushi"
"はとば","hatoba"
"うごく","ugoku"
"じどうしゃ","jidousha"
"どうぶつ","doubutsu"
"うんどう","undou"
"かつどう","katsudou"
"はたらく","hataraku"
"ろうどう","roudou"
"ともばたらき","tomobataraki"
"ろうどうしゃ","roudousha"
"はたらきざかり","hatarakizakari"
"みぎ","migi"
"みぎて","migite"
"みぎがわ","migigawa"
"さゆう","sayuu"
"うせつ","usetsu"
"ひだり","hidari"
"ひだりて","hidarite"
"ひだりがわ","hidarigawa"
"さゆう","sayuu"
"させつ","sasetsu"
"ひがし","higashi"
"とうきょう","toukyou"
"かんとう","kantou"
"ひがしぐち","higashiguchi"
"ちゅうとう","chuutou"
"にし","nishi"
"かんさい","kansai"
"せいよう","seiyou"
"にしぐち","nishiguchi"
"ほくせい","hokusei"
"きた","kita"
"ほっかいどう","hokkaido"
"ほっきょく","hokkyoku"
"なんぼく","nanboku"
"きたぐち","kitaguchi"
"みなみ","minami"
"なんきょく","nankyoku"
"とうなんあじあ","tounanajia"
"みなみぐち","minamiguchi"
"なんぼく","nanboku"
"そと","soto"
"がいこく","gaikoku"
"がいしゅつ","gaishutsu"
"いがい","igai"
"おくがい","okugai"
"うち","uchi"
"かない","kanai"
"しつない","shitsunai"
"あんない","annai"
"こくない","kokunai"
"ぶ","bu"
"へや","heya"
"ぶちょう","buchou"
"ぜんぶ","zenbu"
"いちぶ","ichibu"
"えき","eki"
"えきいん","ekiin"
"えきまえ","ekimae"
"とうきょうえき","toukyoueki"
"とっきゅうえき","tokkyuueki"
"かいしゃ","kaisha"
"じんじゃ","jinja"
"しゃちょう","shachou"
"しゃかい","shakai"
"ほんしゃ","honsha"
"びょういん","byouin"
"にゅういん","nyuuin"
"だいがくいん","daigakuin"
"いんちょう","inchou"
"たいいん","taiin"
"ちかてつ","chikatetsu"
"ちず","chizu"
"ちほう","chihou"
"じしん","jishin"
"ちい","chii"
"てつどう","tetsudou"
"ちかてつ","chikatetsu"
"してつ","shitetsu"
"てつぶん","tetsubun"
"てっきょう","tekkyou"
"こうじょう","koujou"
"こうぎょう","kougyou"
"だいく","daiku"
"こうじ","kouji"
"こうさく","kousaku"
"ばしょ","basho"
"こうじょう","koujou"
"うりば","uriba"
"かいじょう","kaijou"
"ばあい","baai"
"ちず","chizu"
"としょかん","toshokan"
"ずが","zuga"
"いと","ito"
"あいず","aizu"
"としょかん","toshokan"
"たいしかん","taishikan"
"えいがかん","eigakan"
"りょかん","ryokan"
"びじゅつかん","bijutsukan"
"こうえん","kouen"
"こうりつ","kouritsu"
"こうしゅうでんわ","koushūdenwa"
"こうしき","koushiki"
"こうむいん","koumuin"
"こうえん","kouen"
"どうぶつえん","doubutsuen"
"ていえん","teien"
"ようちえん","youchien"
"ゆうえんち","yuuenchi"
"すむ","sumu"
"じゅうしょ","juusho"
"じゅうたく","juutaku"
"きょじゅう","kyojuū"
"じゅうみん","juumin"
"ばしょ","basho"
"きんじょ","kinjo"
"だいどころ","daidokoro"
"ちょうしょ","chousho"
"じゅうしょ","juusho"
"いちばん","ichiban"
"ばんごう","bangou"
"こうばん","kouban"
"ばんぐみ","bangumi"
"とうばん","touban"
"ばんごう","bangou"
"しんごう","shingou"
"ねんごう","nengou"
"あんごう","angou"
"でんわばんごう","denwabangou"
"し","shi"
"しちょう","shichou"
"しみん","shimin"
"いちば","ichiba"
"とし","toshi"
"まち","machi"
"ちょうちょう","chouchou"
"まちじゅう","machijuu"
"したまち","shitamachi"
"みなとまち","minatomachi"
"むら","mura"
"そんちょう","sonchou"
"のうそん","nouson"
"さんそん","sanson"
"ぎょそん","gyoson"
"く","ku"
"くやくしょ","kuyakusho"
"くぶん","kubun"
"ちく","chiku"
"くべつ","kubetsu"
"とうきょうと","toukyouto"
"とかい","tokai"
"つごう","tsugou"
"きょうと","kyouto"
"しゅと","shuto"
"おおさかふ","oosakafu"
"きょうとふ","kyoutofu"
"せいふ","seifu"
"ふちょう","fuchou"
"ばくふ","bakufu"
"けん","ken"
"けんちょう","kenchou"
"けんちじ","kenchiji"
"ちばけん","chibaken"
"けんりつ","kenritsu"
"しま","shima"
"ひろしま","hiroshima"
"はんとう","hantou"
"れっとう","rettou"
"むじんとう","mujintou"
"とうきょう","toukyou"
"きょうと","kyouto"
"じょうきょう","joukyou"
"けいひん","keihin"
"ぺきん","pekin"
"さま","sama"
"ようす","yousu"
"たよう","tayou"
"どうよう","douyou"
"みなさま","minasama"
"こたえる","kotaeru"
"こたえ","kotae"
"かいとう","kaitou"
"せいかい","seikai"
"もんどう","mondou"
"とく","toku"
"かいせつ","kaisetsu"
"かいけつ","kaiketsu"
"どっかい","dokkai"
"ぶんかい","bunkai"
"かんがえる","kangaeru"
"かんがえ","kangae"
"さんこう","sankou"
"こうこがく","koukogaku"
"せんこう","senkou"
"せいかい","seikai"
"しょうがつ","shougatsu"
"しょうじき","shoujiki"
"しょうご","shougo"
"せいかく","seikaku"
"なおす","naosu"
"ちょくつう","chokutsuu"
"ちょくせん","chokusen"
"しょうじき","shoujiki"
"ちょくごに","chokugoni"
"えらぶ","erabu"
"せんしゅ","senshu"
"せんきょ","senkyo"
"せんたく","sentaku"
"よせん","yosen"
"せかい","sekai"
"せいかい","seikai"
"きょうかい","kyoukai"
"しかい","shikai"
"げんかい","genkai"
"ぜんぶ","zenbu"
"あんぜん","anzen"
"ぜんぜん","zenzen"
"ぜんこく","zenkoku"
"かんぜん","kanzen"
"わるい","warui"
"わるぐち","waruguchi"
"さいあく","saiaku"
"あくま","akuma"
"あっか","akka"
"しけん","shiken"
"しあい","shiai"
"ししょく","shishoku"
"しさく","shisaku"
"にゅうし","nyuushi"
"しけん","shiken"
"けいけん","keiken"
"じっけん","jikken"
"じゅけん","juken"
"たいけん","taiken"
"いちど","ichido"
"おんど","ondo"
"こんど","kondo"
"そくど","sokudo"
"ていど","teido"
"べんきょう","benkyou"
"きんべん","kinben"
"べんれい","benrei"
"べんがく","bengaku"
"がりべん","gariben"
"つよい","tsuyoi"
"べんきょう","benkyou"
"きょうちょう","kyouchou"
"きょうりょく","kyouryoku"
"ごういん","gouin"
"はる","haru"
"はるやすみ","haruyasumi"
"りっしゅん","risshun"
"しゅんぶん","shunbun"
"せいしゅん","seishun"
"なつ","natsu"
"なつやすみ","natsuyasumi"
"しょか","shoka"
"まなつ","manatsu"
"かき","kaki"
"あき","aki"
"しゅうぶん","shuubun"
"ばんしゅう","banshuu"
"あきはばら","akihabara"
"ちゅうしゅう","chuushuu"
"ふゆ","fuyu"
"ふゆやすみ","fuyuyasumi"
"まふゆ","mafuyu"
"りっとう","rittou"
"とうじ","touji"
"はじめる","hajimeru"
"かいし","kaishi"
"ねんし","nenshi"
"しまつ","shimatsu"
"しはつ","shihatsu"
"おわる","owaru"
"しゅうでん","shuuden"
"さいご","saigo"
"しゅうてん","shuuten"
"しゅうりょう","shuuryou"
"あける","akeru"
"ひらく","hiraku"
"かいし","kaishi"
"かいてん","kaiten"
"かいはつ","kaihatsu"
"しめる","shimeru"
"とじる","tojiru"
"へいてん","heiten"
"へいかい","heikai"
"へいさ","heisa"
"しつもん","shitsumon"
"もんだい","mondai"
"といあわせ","toiawase"
"ほうもん","houmon"
"がくもん","gakumon"
"もんだい","mondai"
"しゅくだい","shukudai"
"わだい","wadai"
"だいめい","daimei"
"しゅだい","shudai"
"えいが","eiga"
"じょうえい","jouei"
"うつる","utsuru"
"うつす","utsusu"
"はんえい","han'ei"
"けいかく","keikaku"
"まんが","manga"
"がか","gaka"
"かくすう","kakusuu"
"がめん","gamen"
"しゃしん","shashin"
"ふくしゃ","fukusha"
"うつす","utsusu"
"しゃせい","shasei"
"びょうしゃ","byousha"
"しんじつ","shinjitsu"
"まんなか","mannaka"
"まっすぐ","massugu"
"しんくう","shinkuu"
"しんけん","shinken"
"おんがく","ongaku"
"おと","oto"
"はつおん","hatsuon"
"ほんね","honne"
"あしおと","ashioto"
"がっき","gakki"
"らっかんてき","rakkanteki"
"あんらく","anraku"
"ごらく","goraku"
"きょうらく","kyouraku"
"りょうり","ryouri"
"りょうきん","ryoukin"
"ざいりょう","zairyou"
"きゅうりょう","kyuuryou"
"しりょう","shiryou"
"りゆう","riyuu"
"りかい","rikai"
"しゅうり","shuuri"
"せいり","seiri"
"ちり","chiri"
"おもう","omou"
"しこう","shikou"
"おもいで","omoide"
"いし","ishi"
"おもいだす","omoidasu"
"いみ","imi"
"ちゅうい","chuui"
"いけん","iken"
"ようい","youyi"
"いがい","igai"
"はくしょく","hakushoku"
"しらが","shiraga"
"はくさい","hakusai"
"はくじ","hakuji"
"おもしろい","omoshiroi"
"こくばん","kokuban"
"くろじ","kuroji"
"まっくろ","makkuro"
"こくじん","kokujin"
"くろまめ","kuromame"
"せきどう","sekidou"
"せきじゅうじ","sekijuuji"
"あかちゃん","akachan"
"あかじ","akaji"
"まっか","makka"
"おきる","okiru"
"おこす","okosu"
"きどう","kidou"
"きりつ","kiritsu"
"きしょう","kishou"
"ねる","neru"
"ねぼう","nebou"
"ひるね","hirune"
"ねまき","nemaki"
"しんしつ","shinshitsu"
"あそぶ","asobu"
"ゆうえんち","yuuenchi"
"あそび","asobi"
"ゆうえい","yuuei"
"しゅうゆう","shuuyu"
"たつ","tatsu"
"こくりつ","kokuritsu"
"たちば","tachiba"
"どくりつ","dokuritsu"
"こんりゅう","konryuu"
"すわる","suwaru"
"こうざ","kouza"
"ざせき","zaseki"
"せいざ","seiza"
"せいざ","seiza"
"つかう","tsukau"
"しよう","shiyou"
"たいしかん","taishikan"
"ししゃ","shisha"
"つかいみち","tsukaimichi"
"はじめる","hajimeru"
"かいし","kaishi"
"しはつ","shihatsu"
"ねんし","nenshi"
"しじゅう","shijuu"
"おわる","owaru"
"しゅうでん","shuuden"
"さいしゅう","saishu"
"しゅうてん","shuuten"
"しゅうりょう","shuuryou"
"かす","kasu"
"かしだし","kashidashi"
"ちんたい","chintai"
"かしや","kashiya"
"かしきん","kashikin"
"かりる","kariru"
"しゃっきん","shakkin"
"しゃくや","shakuya"
"しゃくようしょ","shakuyousho"
"まえがり","maegari"
"かえす","kaesu"
"へんじ","henji"
"へんきゃく","henkyaku"
"へんさい","hensai"
"くりかえし","kurikaeshi"
"おくる","okuru"
"そうしん","soushin"
"みおくる","miokuru"
"そうきん","soukin"
"ほうそう","housou"
"けっこん","kekkon"
"むすぶ","musubu"
"けっか","kekka"
"けつろん","ketsuron"
"けっぴょう","keppyou"
"けっこん","kekkon"
"しんこん","shinkon"
"こんやく","kon'yaku"
"みこん","mikon"
"りこん","rikon"
"りこん","rikon"
"はなれる","hanareru"
"べつり","betsuri"
"ぶんり","bunri"
"きょり","kyori"
"ざせき","zaseki"
"しゅっせき","shusseki"
"けっせき","kesseki"
"せきじ","sekiji"
"きゃくせき","kyakuseki"
"けっせき","kesseki"
"けってん","ketten"
"かく","kaku"
"かける","kakeru"
"けつじょ","ketsujo"
"よてい","yotei"
"よやく","yoyaku"
"よしゅう","yoshuu"
"てんきよほう","tenkiyohou"
"よさん","yosan"
"よてい","yotei"
"けってい","kettei"
"ていきゅうび","teikyuubi"
"ていいん","teiyin"
"ていしょく","teishoku"
"こうさてん","kousaten"
"さ","sa"
"さしだす","sashidasu"
"じさ","jisa"
"さべつ","sabetsu"
"けいしき","keishiki"
"こうしき","koushiki"
"ぎしき","gishiki"
"にゅうがくしき","nyuugakushiki"
"ほうしき","houshiki"
"へいわ","heiwa"
"わしょく","washoku"
"わふく","wafuku"
"わふう","wafuu"
"しょうわ","shouwa"
"せいかつ","seikatsu"
"かつどう","katsudou"
"かっき","kakki"
"かつよう","katsuyou"
"かっぱつ","kappatsu"
"はる","haru"
"はるやすみ","haruyasumi"
"しゅんぶん","shunbun"
"せいしゅん","seishun"
"しんしゅん","shinshun"
"なつ","natsu"
"なつやすみ","natsuyasumi"
"げし","geshi"
"しょか","shoka"
"まなつ","manatsu"
"あき","aki"
"しゅうぶん","shuubun"
"ばんしゅう","banshuu"
"あきかぜ","akikaze"
"あきはばら","akihabara"
"ふゆ","fuyu"
"ふゆやすみ","fuyuyasumi"
"りっとう","rittou"
"とうみん","toumin"
"しょとう","shotou"
"しょちゅうみまい","shochuumimai"
"こくしょ","kokusho"
"もうしょ","mousho"
"ざんしょ","zansho"
"ひしょ","hisho"
"ねつ","netsu"
"ねっしん","nesshin"
"じょうねつ","jounetsu"
"かねつ","kanetsu"
"ねったい","nettai"
"かんき","kanki"
"かんれい","kanrei"
"ぼうかん","boukan"
"かんぷう","kanpuu"
"かんたい","kantai"
"れいぞうこ","reizouko"
"ひやす","hiyasu"
"れいぼう","reibou"
"れいせい","reisei"
"ひえしょう","hieshou"
"だんぼう","danbou"
"だんとう","dantou"
"だんりゅう","danryuu"
"おんだん","ondan"
"だんしょく","danshoku"
"おんど","ondo"
"おんせん","onsen"
"きおん","kion"
"おんだん","ondan"
"たいおん","taion"
"すずしい","suzushii"
"すずむ","suzumu"
"ゆうすずみ","yuusuzumi"
"せいりょう","seiryou"
"りょうしゅう","ryoushuu"
"りょうふう","ryoufuu"
"てんき","tenki"
"てんさい","tensai"
"てんごく","tengoku"
"てんねん","tennen"
"てんのう","tennou"
"しごと","shigoto"
"つかえる","tsukaeru"
"しかた","shikata"
"しあげる","shiageru"
"しいれ","shiire"
"しごと","shigoto"
"しょくじ","shokuji"
"だいじ","daiji"
"じこ","jiko"
"ようじ","youji"
"かんがえる","kangaeru"
"しこう","shikou"
"さんこう","sankou"
"こうあん","kouan"
"こうこがく","koukogaku"
"はこぶ","hakobu"
"うんてん","unten"
"うんどう","undou"
"こううん","kouun"
"うんめい","unmei"
"うんてん","unten"
"じてんしゃ","jitensha"
"かいてん","kaiten"
"ころぶ","korobu"
"いてん","iten"
"えらぶ","erabu"
"せんしゅ","senshu"
"せんきょ","senkyo"
"せんたく","sentaku"
"せんしゅつ","senshutsu"
"しんぱい","shinpai"
"くばる","kubaru"
"はいたつ","haitatsu"
"はいぶん","haibun"
"しはい","shihai"
"かいぎ","kaigi"
"ぎいん","giin"
"ぎろん","giron"
"ふしぎ","fushigi"
"けつぎ","ketsugi"
"しゃいん","shain"
"てんいん","ten'in"
"かいいん","kaiin"
"ぎんこういん","ginkouin"
"ぜんいん","zen'in"
"じゅぎょう","jugyou"
"そつぎょう","sotsugyou"
"こうぎょう","kougyou"
"ざんぎょう","zangyou"
"さぎょう","sagyou"
"やさい","yasai"
"はくさい","hakusai"
"さいしょく","saishoku"
"なまやさい","namayasai"
"さいえん","saien"
"のうぎょう","nougyou"
"のうか","nouka"
"のうそん","nouson"
"のうじょう","noujou"
"のうやく","nouyaku"
"りょうこう","ryoukou"
"りょうしん","ryoushin"
"かいりょう","kairyou"
"さいりょう","sairyou"
"りょうしつ","ryoushitsu"
"わるくち","warukuchi"
"さいあく","saiaku"
"あくま","akuma"
"あっか","akka"
"あくよう","akuyou"
"けってん","ketten"
"まんてん","manten"
"こうさてん","kousaten"
"じゅうてん","juuten"
"しゅうてん","shuuten"
"しょうがつ","shougatsu"
"ただしい","tadashii"
"せいかい","seikai"
"せいしき","seishiki"
"しょうみ","shoumi"
"ちがう","chigau"
"まちがい","machigai"
"いはん","ihan"
"いほう","ihou"
"そうい","soui"
"どうじに","doujini"
"どうい","douyi"
"どうりょう","douryou"
"きょうどう","kyoudou"
"どうよう","douyou"
"てきとう","tekitou"
"てきせつ","tekisetsu"
"てきおう","tekiou"
"てきど","tekido"
"かいてき","kaiteki"
"あたる","ataru"
"べんとう","bentou"
"とうぜん","touzen"
"ほんとうに","hontouni"
"たんとう","tantou"
"こんなん","konnan"
"ひなん","hinan"
"なんもん","nanmon"
"なんびょう","nanbyou"
"なんしょ","nansho"
"つぎ","tsugi"
"もくじ","mokuji"
"じかい","jikai"
"しだい","shidai"
"じじょ","jijo"
"かたち","katachi"
"にんぎょう","ningyou"
"ちょうほうけい","chouhoukei"
"けいしき","keishiki"
"ずけい","zukei"
"いみ","imi"
"あじ","aji"
"しゅみ","shumi"
"ちょうみりょう","choumiryou"
"きょうみ","kyoumi"
"しけん","shiken"
"こころみる","kokoromiru"
"しあい","shiai"
"ししょく","shishoku"
"しちゃく","shichaku"
"しけん","shiken"
"けいけん","keiken"
"じっけん","jikken"
"じゅけん","juken"
"けんげん","kengen"
"めん","men"
"おもしろい","omoshiroi"
"がめん","gamen"
"ひょうめん","hyoumen"
"めんせつ","mensetsu"
"めんせつ","mensetsu"
"ちょくせつ","chokusetsu"
"せっきん","sekkin"
"せつぞく","setsuzoku"
"おうせつ","ousetsu"
"せつめい","setsumei"
"しょうせつ","shousetsu"
"せっきょう","sekkyou"
"でんせつ","densetsu"
"かいせつ","kaisetsu"
"くだもの","kudamono"
"けっか","kekka"
"こうか","kouka"
"かじつ","kajitsu"
"はたす","hatasu"
"しあい","shiai"
"まにあう","maniau"
"ごうかく","goukaku"
"つごう","tsugou"
"あわせる","awaseru"
"ごうかく","goukaku"
"しかく","shikaku"
"せいかく","seikaku"
"かかく","kakaku"
"ほんかくてき","honkakuteki"
"うける","ukeru"
"じゅけん","juken"
"うけつけ","uketsuke"
"うける","ukeru"
"うけとる","uketoru"
"おちる","ochiru"
"おとす","otosu"
"らくせき","rakuseki"
"らくせん","rakusen"
"おちつく","ochitsuku"
"ざんぎょう","zangyou"
"のこる","nokoru"
"のこり","nokori"
"ざんねん","zannen"
"ざんせつ","zansetsu"
"ざんねん","zannen"
"きねん","kinen"
"しんねん","shinnen"
"せんねん","sennen"
"だんねん","dannen"
"ゆび","yubi"
"ゆびわ","yubiwa"
"してい","shitei"
"さす","sasu"
"しどう","shidou"
"おる","oru"
"おりがみ","origami"
"うせつ","usetsu"
"させつ","sasetsu"
"ざせつ","zasetsu"
"はらう","harau"
"しはらい","shiharai"
"まえばらい","maebarai"
"ふっしょく","fusshoku"
"ひきはらう","hikiharau"
"なげる","nageru"
"とうし","toushi"
"とうひょう","touhyou"
"とうしゅ","toushu"
"とうしょ","tousho"
"うつ","utsu"
"だがっき","dagakki"
"うちあわせ","uchiawase"
"だせき","daseki"
"だかい","dakai"
"しんこきゅう","shinkokyuu"
"しんや","shinya"
"しんこく","shinkoku"
"ふかまる","fukamaru"
"すいしん","suishin"
"あらう","arau"
"せんたく","sentaku"
"せんめんじょ","senmenjo"
"おてあらい","otearai"
"せんざい","senzai"
"ながれる","nagareru"
"りゅうこう","ryuukou"
"りゅうしゅつ","ryuushutsu"
"でんりゅう","denryuu"
"いちりゅう","ichiryuu"
"きえる","kieru"
"けす","kesu"
"けしごむ","keshigomu"
"しょうぼうしょ","shoubousho"
"しょうひ","shouhi"
"きめる","kimeru"
"かいけつ","kaiketsu"
"けっして","kesshite"
"けってい","kettei"
"けつぎ","ketsugi"
"りょこう","ryokou"
"たび","tabi"
"りょけん","ryoken"
"たびびと","tabibito"
"りょかん","ryokan"
"よやく","yoyaku"
"やくそく","yakusoku"
"やく","yaku"
"せつやく","setsuyaku"
"こんやく","kon'yaku"
"あんない","annai"
"あん","an"
"とうあん","touan"
"あんがい","angai"
"ていあん","teian"
"じゅんび","junbi"
"きじゅん","kijun"
"すいじゅん","suijun"
"じゅんきゅう","junkyuu"
"ひょうじゅん","hyoujun"
"じゅんび","junbi"
"せつび","setsubi"
"よび","yobi"
"しゅび","shubi"
"そなえる","sonaeru"
"そうだん","soudan"
"あいて","aite"
"しゅしょう","shushou"
"そうとう","soutou"
"そうご","sougo"
"そうだん","soudan"
"かいだん","kaidan"
"だんわ","danwa"
"だんしょう","danshou"
"じょうだん","joudan"
"れんらく","renraku"
"つれていく","tsureteiku"
"れんきゅう","renkyuu"
"れんぞく","renzoku"
"れんごう","rengou"
"れんらく","renraku"
"からむ","karamu"
"みゃくらく","myakuraku"
"ろうらく","rouraku"
"たんらくてき","tanrakuteki"
"とまる","tomaru"
"いっぱく","ippaku"
"しゅくはく","shukuhaku"
"がいはく","gaihaku"
"ひょうはく","hyouhaku"
"とくに","tokuni"
"とくべつ","tokubetsu"
"とっきゅう","tokkyuu"
"とくちょう","tokuchou"
"とくばい","tokubai"
"いそぐ","isogu"
"きゅうこう","kyuukou"
"きゅうに","kyuuni"
"とっきゅう","tokkyuu"
"きゅうよう","kyuuyou"
"せん","sen"
"かせん","kasen"
"しんかんせん","shinkansen"
"ちょくせん","chokusen"
"やまのてせん","yamanotesen"
"しゅっぱつ","shuppatsu"
"はっけん","hakken"
"はつばい","hatsubai"
"はっこう","hakkou"
"はったつ","hattatsu"
"とうちゃく","touchaku"
"とうてい","toutei"
"とうたつ","toutatsu"
"さっとう","sattou"
"とうとう","toutou"
"こうさてん","kousaten"
"こうつう","koutsuu"
"こうりゅう","kouryuu"
"こうかん","koukan"
"こうばん","kouban"
"ひこうき","hikouki"
"きかい","kikai"
"きかい","kikai"
"きのう","kinou"
"きかん","kikan"
"かんけい","kankei"
"かんする","kansuru"
"げんかん","genkan"
"かんとう","kantou"
"かんしん","kanshin"
"ゆうびんきょく","yuubinkyoku"
"けっきょく","kekkyoku"
"やっきょく","yakkyoku"
"ほうそうきょく","housoukyoku"
"とうきょく","toukyoku"
"しんじる","shinjiru"
"しんごう","shingou"
"しんよう","shinyou"
"じしん","jishin"
"そうしん","soushin"
"どうろ","douro"
"せんろ","senro"
"つうろ","tsuuro"
"めいろ","meiro"
"ろじょう","rojou"
"じこ","jiko"
"こしょう","koshou"
"こきょう","kokyou"
"こい","koi"
"こじん","kojin"
"ちゅうい","chuui"
"ちゅうもん","chuumon"
"ちゅうにゅう","chuunyuu"
"そそぐ","sosogu"
"ちゅうもく","chuumoku"
"いみ","imi"
"ちゅうい","chuui"
"いけん","iken"
"ようい","youyi"
"いがい","igai"
"おす","osu"
"おさえる","osaeru"
"おしいれ","oshiire"
"おしぼたん","oshibotan"
"あとおし","atooshi"
"ひく","hiku"
"ひきだし","hikidashi"
"いんよう","inyou"
"ひっこす","hikkosu"
"ひきうける","hikiukeru"
"わる","waru"
"わりあい","wariai"
"わりざん","warizan"
"ぶんかつ","bunkatsu"
"わりびき","waribiki"
"えいぎょう","eigyou"
"けいえい","keiyei"
"うんえい","un'ei"
"じえいぎょう","jieigyou"
"いとなむ","itonamu"
"じぶん","jibun"
"じてんしゃ","jitensha"
"じどうしゃ","jidousha"
"じゆう","jiyuu"
"しぜん","shizen"
"じゆう","jiyuu"
"ふじゆう","fujiyuu"
"じゆうしゅぎ","jiyuushugi"
"じゆうせき","jiyuuseki"
"じゆうか","jiyuuka"
"とる","toru"
"うけとる","uketoru"
"とりけす","torikesu"
"しゅざい","shuzai"
"しゅとく","shutoku"
"もとめる","motomeru"
"きゅうじん","kyuujin"
"ようきゅう","youkyuu"
"ついきゅう","tsuikyuu"
"きゅうこん","kyuukon"
"ねがう","negau"
"おねがい","onegai"
"がんしょ","gansho"
"ねんがん","nengan"
"しがん","shigan"
"しる","shiru"
"しらせる","shiraseru"
"ちしき","chishiki"
"ちじん","chijin"
"つうち","tsuuchi"
"だいどころ","daidokoro"
"たいふう","taifuu"
"いちだい","ichidai"
"ぶたい","butai"
"とうだい","toudai"
"まど","mado"
"まどぐち","madoguchi"
"どうそうかい","dousoukai"
"しゃそう","shasou"
"まどがわ","madogawa"
"どうぐ","dougu"
"かぐ","kagu"
"ぐあい","guai"
"ぐたいてきに","gutaitekini"
"ぶんぼうぐ","bunbougu"
"がっき","gakki"
"しょっき","shokki"
"うつわ","utsuwa"
"きぐ","kigu"
"ぞうき","zouki"
"ようい","youyi"
"りよう","riyou"
"ようじ","youji"
"しよう","shiyou"
"いんよう","inyou"
"ふく","fuku"
"ようふく","youfuku"
"わふく","wafuku"
"ふくよう","fukuyou"
"せいふく","seifuku"
"かみ","kami"
"てがみ","tegami"
"ようし","youshi"
"わし","washi"
"おりがみ","origami"
"じしょ","jisho"
"やめる","yameru"
"じてん","jiten"
"じたい","jitai"
"しゅくじ","shukuji"
"ざっし","zasshi"
"ふくざつ","fukuzatsu"
"ざつおん","zatsuon"
"ざつむ","zatsumu"
"こんざつ","konzatsu"
"ざっし","zasshi"
"にっし","nisshi"
"しじょう","shijou"
"ちし","chishi"
"ぶんし","bunshi"
"ぎんこう","ginkou"
"ぎん","gin"
"ぎんいろ","gin'iro"
"ぎんざ","ginza"
"ぎんが","ginga"
"しりょう","shiryou"
"とうし","toushi"
"しげん","shigen"
"しほん","shihon"
"しさん","shisan"
"しなもの","shinamono"
"しょくりょうひん","shokuryouhin"
"さくひん","sakuhin"
"じょうひん","jouhin"
"ぶひん","buhin"
"いっこ","ikko"
"こじん","kojin"
"こせいてき","koseiteki"
"こすう","kosuu"
"べっこ","bekko"
"かかく","kakaku"
"ぶっか","bukka"
"かち","kachi"
"ひょうか","hyouka"
"ていか","teika"
"せいさん","seisan"
"さんぎょう","sangyou"
"うむ","umu"
"おみやげ","omiyage"
"さんち","sanchi"
"きかん","kikan"
"きたい","kitai"
"ていき","teiki"
"がっき","gakki"
"じき","jiki"
"ときどき","tokidoki"
"ひとびと","hitobito"
"くにぐに","kuniguni"
"いろいろ","iroiro"
"はやばや","hayabaya"
"ほうこく","houkoku"
"てんきよほう","tenkiyohou"
"じょうほう","jouhou"
"ほうどう","houdou"
"でんぽう","denpou"
"ほうこく","houkoku"
"こうこく","koukoku"
"こくはく","kokuhaku"
"ちゅうこく","chuukoku"
"つうこく","tsuukoku"
"こころ","kokoro"
"あんしん","anshin"
"ちゅうしん","chuushin"
"しんぱい","shinpai"
"しんりがく","shinrigaku"
"かんじる","kanjiru"
"かんしゃ","kansha"
"かんどう","kandou"
"かんそう","kansou"
"かんじょう","kanjou"
"かんじょう","kanjou"
"じょうほう","jouhou"
"ゆうじょう","yuujou"
"じょうねつ","jounetsu"
"ひょうじょう","hyoujou"
"ひげき","higeki"
"ひめい","himei"
"ひかんてき","hikanteki"
"かなしむ","kanashimu"
"ひれん","hiren"
"なく","naku"
"ごうきゅう","goukyuu"
"なきむし","nakimushi"
"なきごえ","nakigoe"
"なきがお","nakigao"
"わらう","warau"
"えがお","egao"
"ばくしょう","bakushou"
"びしょう","bishou"
"わらいごえ","waraigoe"
"あたま","atama"
"ずつう","zutsuu"
"せんとう","sentou"
"あたまかず","atamakazu"
"ぼうとう","boutou"
"おぼえる","oboeru"
"めざめる","mezameru"
"かくご","kakugo"
"かんかく","kankaku"
"じかく","jikaku"
"わすれる","wasureru"
"わすれもの","wasuremono"
"ぼうねんかい","bounenkai"
"ぼうきゃく","boukyaku"
"どわすれ","dowasure"
"かんがえる","kangaeru"
"しこう","shikou"
"さんこう","sankou"
"こうあん","kouan"
"こうこがく","koukogaku"
"つたえる","tsutaeru"
"でんせつ","densetsu"
"てつだう","tetsudau"
"でんごん","dengon"
"でんとう","dentou"
"かわる","kawaru"
"じだい","jidai"
"だいきん","daikin"
"こうたい","koutai"
"だいひょう","daihyou"
"よぶ","yobu"
"こきゅう","kokyuu"
"よびだし","yobidashi"
"こおう","koou"
"よびな","yobina"
"やく","yaku"
"ひやけ","hiyake"
"やきにく","yakiniku"
"ゆうやけ","yuuyake"
"ぜんしょう","zenshou"
"きょく","kyoku"
"まがる","magaru"
"きょくせん","kyokusen"
"さっきょく","sakkyoku"
"めいきょく","meikyoku"
"ぬぐ","nugu"
"だっそう","dassou"
"だつらく","datsuraku"
"だっすい","dassui"
"だついじょ","datsuijo"
"べつ","betsu"
"わかれる","wakareru"
"とくべつ","tokubetsu"
"くべつ","kubetsu"
"さべつ","sabetsu"
"あつまる","atsumaru"
"あつめる","atsumeru"
"しゅうごう","shuugou"
"しゅうちゅう","shuuchuu"
"ぼしゅう","boshuu"
"ならぶ","narabu"
"へいれつ","heiretsu"
"なみき","namiki"
"なみ","nami"
"ならべる","naraberu"
"よろこぶ","yorokobu"
"よろこび","yorokobi"
"きげき","kigeki"
"かんき","kanki"
"きどあいらく","kidoairaku"
"のる","noru"
"のせる","noseru"
"けいさい","keisai"
"きさい","kisai"
"れんさい","rensai"
"こまかい","komakai"
"さいぼう","saibou"
"さいぶ","saibu"
"せんさい","sensai"
"さいく","saiku"
"たいへいよう","taiheiyou"
"ふとる","futoru"
"たいよう","taiyou"
"たいこ","taiko"
"まるた","maruta"
"じゅうよう","juuyou"
"たいじゅう","taijuu"
"じゅうだい","juudai"
"かさねる","kasaneru"
"きちょう","kichou"
"けいしょく","keishoku"
"けいかい","keikai"
"けいゆ","keiyu"
"けいべつ","keibetsu"
"てがる","tegaru"
"きょうりょう","kyouryou"
"せばまる","sebamaru"
"せまきもん","semakimon"
"てぜま","tezema"
"きょうぎ","kyougi"
"じゃくてん","jakuten"
"よわね","yowane"
"よわき","yowaki"
"じゃくたいか","jakutaika"
"ろうじゃく","roujaku"
"ねむる","nemuru"
"すいみん","suimin"
"ふみんしょう","fuminshou"
"とうみん","toumin"
"えいみん","eimin"
"くるしい","kurushii"
"くろう","kurou"
"くじょう","kujou"
"にがて","nigate"
"くつう","kutsuu"
"かんたん","kantan"
"かんけつ","kanketsu"
"かんい","kan'i"
"かんそ","kanso"
"しょかん","shokan"
"かんたん","kantan"
"たんい","tan'i"
"たんご","tango"
"たんしん","tanshin"
"たんに","tanni"
"そら","sora"
"くうき","kuuki"
"くうこう","kuukou"
"あく","aku"
"からて","karate"
"くうこう","kuukou"
"みなと","minato"
"みなとまち","minatomachi"
"しゅっこう","shukkou"
"にゅうこう","nyuukou"
"とぶ","tobu"
"ひこうき","hikouki"
"とびだす","tobidasu"
"ひこうし","hikoushi"
"ひやく","hiyaku"
"かいだん","kaidan"
"にかい","nikai"
"かいきゅう","kaikyuu"
"だんかい","dankai"
"いっかい","ikkai"
"たてる","tateru"
"たてもの","tatemono"
"けんせつ","kensetsu"
"けんこく","kenkoku"
"にかいだて","nikaidate"
"けんせつ","kensetsu"
"せっけい","sekkei"
"せってい","settei"
"せつび","setsubi"
"せつりつ","setsuritsu"
"かんせい","kansei"
"かんりょう","kanryou"
"かんぜん","kanzen"
"かんばい","kanbai"
"かんぺき","kanpeki"
"かんせい","kansei"
"せいこう","seikou"
"せいじん","seijin"
"せいちょう","seichou"
"せいりつ","seiritsu"
"ひよう","hiyou"
"しょうひ","shouhi"
"がくひ","gakuhi"
"かいひ","kaihi"
"せいかつひ","seikatsuhi"
"ほうそう","housou"
"はなす","hanasu"
"かいほう","kaihou"
"ほうか","houka"
"ほうかご","houkago"
"いち","ichi"
"だいいちい","daiichiyi"
"たんい","tan'i"
"ちい","chii"
"ほうい","houyi"
"おく","oku"
"いち","ichi"
"せっち","setchi"
"そうち","souchi"
"ほうち","houchi"
"よこ","yoko"
"おうだんほどう","oudanhodou"
"よこはま","yokohama"
"よこがお","yokogao"
"おうてん","outen"
"むこう","mukou"
"ほうこう","houkou"
"こうじょう","koujou"
"むく","muku"
"いこう","ikou"
"げんいん","gen'yin"
"のはら","nohara"
"げんし","genshi"
"げんり","genri"
"げんりょう","genryou"
"へいわ","heiwa"
"へいじつ","heijitsu"
"へいきん","heikin"
"びょうどう","byoudou"
"ちへいせん","chiheisen"
"やさい","yasai"
"のはら","nohara"
"ぶんや","bunya"
"やきゅう","yakyuu"
"やせい","yasei"
"かぜ","kaze"
"たいふう","taifuu"
"わふう","wafuu"
"おふろ","ofuro"
"かぜ","kaze"
"じかん","jikan"
"あいだ","aida"
"まちがい","machigai"
"にんげん","ningen"
"なかま","nakama"
"はし","hashi"
"ほどうきょう","hodoukyou"
"にほんばし","nihonbashi"
"てっきょう","tekkyou"
"かけはし","kakehashi"
"ろうじん","roujin"
"けいろうのひ","keirounohi"
"ろうご","rougo"
"ふける","fukeru"
"ろうにゃくなんにょ","rounyakunannyo"
"かぞく","kazoku"
"しんぞく","shinzoku"
"みんぞく","minzoku"
"ぼうそうぞく","bousouzoku"
"すいぞくかん","suizokukan"
"しんぱい","shinpai"
"くばる","kubaru"
"はいたつ","haitatsu"
"はいぶん","haibun"
"しはい","shihai"
"ぎじゅつ","gijutsu"
"げいじゅつ","geijutsu"
"しゅじゅつ","shujutsu"
"びじゅつかん","bijutsukan"
"にんじゅつ","ninjutsu"
"たいいん","taiin"
"たいしょく","taishoku"
"そうたい","soutai"
"こうたい","koutai"
"たいくつ","taikutsu"
"こうか","kouka"
"ゆうこう","yuukou"
"きく","kiku"
"こうりつ","kouritsu"
"むこう","mukou"
"こくみん","kokumin"
"しみん","shimin"
"みんぞく","minzoku"
"みんしゅしゅぎ","minshushugi"
"じゅうみん","juumin"
"たずねる","tazuneru"
"ほうもん","houmon"
"ほうにち","hounichi"
"おとずれる","otozureru"
"らいほう","raihou"
"かお","kao"
"えがお","egao"
"せんがん","sengan"
"かおいろ","kao-iro"
"よこがお","yokogao"
"こまる","komaru"
"こんなん","konnan"
"こんわく","konwaku"
"ひんこん","hinkon"
"こまりはてる","komarihateru"
"そつぎょう","sotsugyou"
"しんそつ","shinsotsu"
"そつえん","sotsuen"
"そつろん","sotsuron"
"こうそつ","kousotsu"
"ぎろん","giron"
"ろんぶん","ronbun"
"けつろん","ketsuron"
"りろん","riron"
"ろんり","ronri"
"じじつ","jijitsu"
"じっさい","jissai"
"みのる","minoru"
"じっこう","jikkou"
"じつりょく","jitsuryoku"
"しらべる","shiraberu"
"たいちょう","taichou"
"ちょうさ","chousa"
"きょうちょう","kyouchou"
"ちょうせい","chousei"
"かならず","kanarazu"
"ひつよう","hitsuyou"
"ひっし","hisshi"
"ひっしょう","hisshou"
"ひつぜん","hitsuzen"
"ひつよう","hitsuyou"
"じゅうよう","juuyou"
"ようけん","youken"
"しゅよう","shuyou"
"ようやく","youyaku"
"しゅるい","shurui"
"しょるい","shorui"
"ぶんるい","bunrui"
"じんるい","jinrui"
"るい","rui"
"える","eru"
"なっとく","nattoku"
"とくい","tokui"
"とくてん","tokuten"
"しょとく","shotoku"
"うしなう","ushinau"
"しつれい","shitsurei"
"しっぱい","shippai"
"しつぎょう","shitsugyou"
"しつぼう","shitsubou"
"しつれい","shitsurei"
"おれい","orei"
"れいぎ","reigi"
"ぶれい","burei"
"れいはい","reihai"
"ふえる","fueru"
"ぞうか","zouka"
"ふやす","fuyasu"
"ぞうだい","zoudai"
"きゅうぞう","kyuuzou"
"くわえる","kuwaeru"
"さんか","sanka"
"ぞうか","zouka"
"かこう","kakou"
"かねつ","kanetsu"
"へる","heru"
"げんしょう","genshou"
"へらす","herasu"
"けいげん","keigen"
"げんあつ","gen'atsu"
"かわる","kawaru"
"たいへん","taihen"
"へんか","henka"
"へんこう","henkou"
"へんしん","henshin"
"いどう","idou"
"うつる","utsuru"
"いかん","ikan"
"いみん","imin"
"いてん","iten"
"でんとう","dentou"
"とうけい","toukei"
"とういつ","touitsu"
"だいとうりょう","daitouryou"
"とうち","touchi"
"すぎる","sugiru"
"かこ","kako"
"つうか","tsuuka"
"すごす","sugosu"
"かじょう","kajou"
"すすむ","susumu"
"しんか","shinka"
"ぜんしん","zenshin"
"しんがく","shingaku"
"しんぽ","shinpo"
"いじょう","ijou"
"いか","ika"
"いがい","igai"
"いぜん","izen"
"いこう","ikou"
"びじん","bijin"
"びじゅつ","bijutsu"
"びよういん","biyouin"
"びか","bika"
"びせい","bisei"
"くらべる","kuraberu"
"ひかく","hikaku"
"たいひ","taihi"
"ひりつ","hiritsu"
"ひれい","hirei"
"ひかく","hikaku"
"かくさ","kakusa"
"こうかく","koukaku"
"くらべる","kuraberu"
"かくりょう","kakuryou"
"はんたい","hantai"
"はんのう","hannou"
"はんせい","hansei"
"はんこう","hankou"
"いはん","ihan"
"はんたい","hantai"
"つい","tsui"
"たいしょう","taishou"
"たいおう","taiou"
"たいめん","taimen"
"さんせい","sansei"
"さんじ","sanji"
"さんどう","sandou"
"しょうさん","shousan"
"きょうさん","kyousan"
"きょうどう","kyoudou"
"きょうつう","kyoutsuu"
"ともに","tomoni"
"きょうわこく","kyouwakoku"
"きょうかん","kyoukan"
"なおす","naosu"
"ちょくせつ","chokusetsu"
"しょうじき","shoujiki"
"ちょくご","chokugo"
"ちょくせん","chokusen"
"ひょうげん","hyougen"
"はっぴょう","happyou"
"だいひょう","だいひょう"
"ひょうめん","hyoumen"
"あらわす","arawasu"
"げんだい","gendai"
"げんじつ","genjitsu"
"あらわれる","arawareru"
"げんきん","genkin"
"げんしょう","genshou"
"はじめて","hajimete"
"さいしょ","saisho"
"しょきゅう","shokyuu"
"はつゆき","hatsuyuki"
"はつこい","hatsukoi"
"ぜんぶ","zenbu"
"かんぜん","kanzen"
"ぜんこく","zenkoku"
"ぜんいん","zen'in"
"ぜんぜん","zenzen"
"さいしょ","saisho"
"さいご","saigo"
"さいきん","saikin"
"さいこう","saikou"
"もっとも","mottomo"
"むり","muri"
"ない","nai"
"むりょう","muryou"
"ぶじ","buji"
"むし","mushi"
"ひじょうぐち","hijouguchi"
"ひこうしき","hikoushiki"
"ひなん","hinan"
"ひじょうに","hijouni"
"ひぼん","hibon"
"だいいち","daiichi"
"しだい","shidai"
"らくだい","rakudai"
"だいさんしゃ","daisansha"
"きゅうだい","kyuudai"
"もくてき","mokuteki"
"ひょうてき","hyouteki"
"ぐたいてき","gutaiteki"
"せっけいてきな","sekkyokutekina"
"てきちゅう","tekichuu"
"せいかく","seikaku"
"だんせい","dansei"
"じょせい","josei"
"かのうせい","kanousei"
"せいしつ","seishitsu"
"ほうりつ","houritsu"
"ほうほう","houhou"
"ぶんぽう","bunpou"
"けんぽう","kenpou"
"ごうほう","gouhou"
"せいど","seido"
"せいさく","seisaku"
"せいげん","seigen"
"せいぎょ","seigyo"
"きょうせい","kyousei"
"かだい","kadai"
"かちょう","kachou"
"にっか","nikka"
"かぜい","kazei"
"ほうかご","houkago"